"path","bytes","status","signer_subject","has_timestamp","sha256","package"
"site-packages\_cffi_backend.cp312-win_amd64.pyd","181248","NotSigned","","no","9AF5E4F68A41F26B726F2E9424F9D58A4F5666189F6A48BE95F406B257102AEC","_cffi_backend.cp312-win_amd64.pyd"
"site-packages\_soundfile_data\libsndfile_x64.dll","2364416","NotSigned","","no","22518C16F9D13EDA5AE5ADF999C4740D7D16CC2D6B178B36DD4AC2F759A38559","_soundfile_data"
"site-packages\charset_normalizer\cd.cp312-win_amd64.pyd","117248","NotSigned","","no","71FFB046452B819770538CB59FD25694C0A8E9B08AF4B8B71F26DAC85DCFF062","charset_normalizer"
"site-packages\charset_normalizer\md.cp312-win_amd64.pyd","193536","NotSigned","","no","C53A0A481BBCEF6A88492BD113B6293997900F4A17A1A5055776D76256D720F9","charset_normalizer"
"site-packages\google\_upb\_message.pyd","745134","NotSigned","","no","842F219CD89A95A3C5DA42BDA1EE99C2B02D35F5F6AC9C1920FC710A876170AE","google"
"site-packages\grpc\_cython\cygrpc.cp312-win_amd64.pyd","11177984","NotSigned","","no","89C7B390B8EF99425571AA3873A0EE1DC36115B716966BE3F8ED391B663667C3","grpc"
"site-packages\hf_xet\hf_xet.pyd","9499136","NotSigned","","no","EA8F5DDB1AE42ADF5E4D376EC27B7F1EA1FE843E15F5D7A9E45FE1298CA4FD4C","hf_xet"
"site-packages\httptools\parser\parser.cp312-win_amd64.pyd","124416","NotSigned","","no","04777205573D164D66030BC6D9DD9EAAC35B9F73A8789A044C1423DB01EE43AB","httptools"
"site-packages\httptools\parser\url_parser.cp312-win_amd64.pyd","52224","NotSigned","","no","1B75CEA9E13CF0895E3BAFDAFEE237EB361568C59BA3CB5CCFBD06FA2D8199C4","httptools"
"site-packages\llvmlite\binding\llvmlite.dll","120369664","NotSigned","","no","900C79BF1E07D530F853523F3F2DFFD608098CB6BBEA7703F31BE52FB89E1423","llvmlite"
"site-packages\llvmlite.libs\msvcp140-8f141b4454fa78db34bc1f28c571b4da.dll","557648","Valid","Microsoft Windows Software Compatibility Publisher","yes","8F141B4454FA78DB34BC1F28C571B4DA0E00CD2C43F7AD0E282F313036826AAE","llvmlite.libs"
"site-packages\markupsafe\_speedups.cp312-win_amd64.pyd","13312","NotSigned","","no","6107CD12E027357194947A9E4881AECF468790D2CB6EF4DD6EC77F5736232098","markupsafe"
"site-packages\msgpack\_cmsgpack.cp312-win_amd64.pyd","126464","NotSigned","","no","D2928799C43862B2D18C39F05C32378D4C98BA0131625F6DFB8B012006A5523C","msgpack"
"site-packages\numba\_devicearray.cp312-win_amd64.pyd","12288","NotSigned","","no","C7483DC403A105490011F60957785D6561D4E935636074B38DFECC118FBC5938","numba"
"site-packages\numba\_dispatcher.cp312-win_amd64.pyd","41472","NotSigned","","no","06167C9BFA01007A2EFDC97B04709FEBE83E87F575820AC566564715098FBF70","numba"
"site-packages\numba\_dynfunc.cp312-win_amd64.pyd","16896","NotSigned","","no","FA38FF877880CF66A6556D5C54F6F39941B951A6D047A2AD60617A97897ECBC7","numba"
"site-packages\numba\_helperlib.cp312-win_amd64.pyd","203776","NotSigned","","no","1B797925F0423B0668686653E35639E0010BF3B2910DC6752A13B71E642DB0B6","numba"
"site-packages\numba\core\runtime\_nrt_python.cp312-win_amd64.pyd","25088","NotSigned","","no","4D758CE1B9EE519DEB7D994A6215EC1C52AB63153313FDEEDAFC249A26AF3EF8","numba"
"site-packages\numba\core\typeconv\_typeconv.cp312-win_amd64.pyd","20480","NotSigned","","no","76CD586965EFBDDF9D36DC7A35E8BF322634EA390FEAFED999001130BA5DA754","numba"
"site-packages\numba\cuda\cudadrv\_extras.cp312-win_amd64.pyd","10752","NotSigned","","no","D025C6E21DAE08A77AA16A928A9173ECEC180B3FCC50A30C427E87539007BF0C","numba"
"site-packages\numba\experimental\jitclass\_box.cp312-win_amd64.pyd","12800","NotSigned","","no","076AEECE9F019F5D29690CE175F95DFD17A264B83CB30E1BC8CE3DA2926892A6","numba"
"site-packages\numba\mviewbuf.cp312-win_amd64.pyd","14848","NotSigned","","no","957A8A3D6DB6E473E8FFE48739C65896B4F58BCB6995549BA8306602B81F725C","numba"
"site-packages\numba\np\ufunc\_internal.cp312-win_amd64.pyd","23552","NotSigned","","no","174739C6642F3C298F34A7DB300265A20208C72EEB5A80AF1D3681471BE9D4A8","numba"
"site-packages\numba\np\ufunc\_num_threads.cp312-win_amd64.pyd","10752","NotSigned","","no","437A29EAAB32D903F1E63F4099200871A681C4E73C28FE6390ED1C3824E82D67","numba"
"site-packages\numba\np\ufunc\omppool.cp312-win_amd64.pyd","36352","NotSigned","","no","D4014F6CAFC2BB6E9C8D663D2CBE49BF08EEE0019B8152FA9863259FCA0D9A4B","numba"
"site-packages\numba\np\ufunc\tbbpool.cp312-win_amd64.pyd","46592","NotSigned","","no","A01B3AC30E5CFEAB7026349EC771D3BF8C6B17DA2B8882DEA43A29B28481E55C","numba"
"site-packages\numba\np\ufunc\workqueue.cp312-win_amd64.pyd","38400","NotSigned","","no","F3C1D6989718354E6ADBA47F1FF25F649BE3627F9959EB021D5FA3A681226259","numba"
"site-packages\numpy\_core\_multiarray_tests.cp312-win_amd64.pyd","65536","NotSigned","","no","47FF40012CE4BBB2C2B4F698FA60F0551D35D817A39316D022AEFAAA48E1987E","numpy"
"site-packages\numpy\_core\_multiarray_umath.cp312-win_amd64.pyd","3849216","NotSigned","","no","63169915C2D78ABA0984BD5E235A92936C319D228C35919A41758B20CD8683C1","numpy"
"site-packages\numpy\_core\_operand_flag_tests.cp312-win_amd64.pyd","12288","NotSigned","","no","6B119484CD0B5A4826482188F4944E2FE8D8404BA1F3290844A3D940AF2A5248","numpy"
"site-packages\numpy\_core\_rational_tests.cp312-win_amd64.pyd","43520","NotSigned","","no","1EADF92EA62F7358295BC62EB699CE7E9947420ABF137EEBEBAD59BD42A4F070","numpy"
"site-packages\numpy\_core\_simd.cp312-win_amd64.pyd","831488","NotSigned","","no","44820458E000860ABE932A0F7D5B89B6EB4F865FBE9FC1F23C95644A28FB3F98","numpy"
"site-packages\numpy\_core\_struct_ufunc_tests.cp312-win_amd64.pyd","14336","NotSigned","","no","5339FD149BCE6DDDAB4B03B224C2FFCB8B3EBE32E0B9D234CD222B645C235BAC","numpy"
"site-packages\numpy\_core\_umath_tests.cp312-win_amd64.pyd","34304","NotSigned","","no","9B454DFE53B73490E91260A8B8D07EE9A915804430ACCD7B7A526F5A28D9F92E","numpy"
"site-packages\numpy\fft\_pocketfft_umath.cp312-win_amd64.pyd","276480","NotSigned","","no","440A855ABA8838CD5C4E22B2618CD9F691AEA11130261A9318CC48050E76720E","numpy"
"site-packages\numpy\linalg\_umath_linalg.cp312-win_amd64.pyd","112128","NotSigned","","no","26315B00A500EBFA5723776853BA651E3CAE05C22144F41305BA0CF3B29B9542","numpy"
"site-packages\numpy\linalg\lapack_lite.cp312-win_amd64.pyd","18944","NotSigned","","no","2AA76852C25A37F22009DB5415EEC9EAF393743036CC0AEE6EA81807869EDFDD","numpy"
"site-packages\numpy\random\_bounded_integers.cp312-win_amd64.pyd","207360","NotSigned","","no","B15875AD2DED03FC5F555BF8D4781B526A070E9AED72B775499B875A9A6D4965","numpy"
"site-packages\numpy\random\_common.cp312-win_amd64.pyd","167424","NotSigned","","no","EAF315793A49B211515951203A1A0E2D511AF930E024B6C93DEE7B3E5AB2AED3","numpy"
"site-packages\numpy\random\_generator.cp312-win_amd64.pyd","587776","NotSigned","","no","F39F29E88E2AACC3B280D4C8A44A189A48722B1C7414DE516D6D1C4D13B13495","numpy"
"site-packages\numpy\random\_mt19937.cp312-win_amd64.pyd","89088","NotSigned","","no","D202EA26FD003EB916A640B2E931B20512F65AAD0315F4F31D4E65C9D0E5F58E","numpy"
"site-packages\numpy\random\_pcg64.cp312-win_amd64.pyd","100864","NotSigned","","no","C21833F36728E5AA2DB7B5C2FB290F6E62143C0167A317126B4C7A31380D4917","numpy"
"site-packages\numpy\random\_philox.cp312-win_amd64.pyd","85504","NotSigned","","no","E482E082620A583B6A0D01171147F6FF7CDEE3B1D8F6D15E277AD6EFBF14EE40","numpy"
"site-packages\numpy\random\_sfc64.cp312-win_amd64.pyd","62464","NotSigned","","no","EBF00341DA63FC784CC5E71E1497293CD3BE45E921C88D002ED7340C019EBADA","numpy"
"site-packages\numpy\random\bit_generator.cp312-win_amd64.pyd","165888","NotSigned","","no","1C05DBF7C50D6A885E8F35FE360377368D12F4718EC0FEB6125C71B8D16C20EA","numpy"
"site-packages\numpy\random\mtrand.cp312-win_amd64.pyd","492544","NotSigned","","no","FA7CBD1E1AA591B3B7EA291D63AA5C49ED37383EA7655D96A2FF44C4F2E90FC3","numpy"
"site-packages\numpy.libs\libscipy_openblas64_-327b2e0bcffce2882e0dc04cdeb4eaa6.dll","20495360","NotSigned","","no","327B2E0BCFFCE2882E0DC04CDEB4EAA6382ED4DBA29871B6176FA157782F484A","numpy.libs"
"site-packages\numpy.libs\msvcp140-a4c2229bdc2a2a630acdc095b4d86008.dll","575056","Valid","Microsoft Windows Software Compatibility Publisher","yes","A4C2229BDC2A2A630ACDC095B4D86008E5C3E3BC7773174354F3DA4F5BEB9CDE","numpy.libs"
"site-packages\PIL\_avif.cp312-win_amd64.pyd","7893504","NotSigned","","no","6731DCE52BAAB0B96B0EEB3C664844B5B42C2168EA8668AF2430E2FBDD2DFBD8","PIL"
"site-packages\PIL\_imaging.cp312-win_amd64.pyd","2632704","NotSigned","","no","C8C519EC72BF75B2945B4FC4AFA854AF2FCA8B970A403134F9DDDA3E164D85E9","PIL"
"site-packages\PIL\_imagingcms.cp312-win_amd64.pyd","272384","NotSigned","","no","C89C633AE1BF3F26A327D14FF688DB66628E19C9866AB925479F27DCB60A2D6F","PIL"
"site-packages\PIL\_imagingft.cp312-win_amd64.pyd","2174976","NotSigned","","no","77C6D37DE41733DF40FB36D9AF47644989AC17DA036515E759303969EDB22C48","PIL"
"site-packages\PIL\_imagingmath.cp312-win_amd64.pyd","21504","NotSigned","","no","82AC45C41A008854D05F67DEDA298B65A7BED850D0D79A3AF861ED583F6E7D62","PIL"
"site-packages\PIL\_imagingmorph.cp312-win_amd64.pyd","12288","NotSigned","","no","B8523BBCE8B322B4B931863C61B8107156B3F23FE1BBBFE0BC3FA318EA662FB0","PIL"
"site-packages\PIL\_imagingtk.cp312-win_amd64.pyd","14848","NotSigned","","no","690CC1CAE4A2DC8594A342B9241E691DCC89D81DAD4CDDCEFDF285275365A2B1","PIL"
"site-packages\PIL\_webp.cp312-win_amd64.pyd","416256","NotSigned","","no","9823CEBB84F425AF3AC1E7437259BC176E7AD7E25D7FA829B0E1A3E55C11BE70","PIL"
"site-packages\pydantic_core\_pydantic_core.cp312-win_amd64.pyd","5157888","NotSigned","","no","28FD1266FB9946FE61775505A13C0BF803F6932B51B306A0032687393D9A558B","pydantic_core"
"_asyncio.pyd","74096","Valid","Python Software Foundation","yes","C77DE90CAD749087A0C5DC5E19D78D24F6EF44E7E5AC19B8420CFC0CEA62395D","python-embed"
"_bz2.pyd","86896","Valid","Python Software Foundation","yes","65F610646D10D5BABEA080E060D244B546EC52C54012E5E937DC72DCC2E2E7BC","python-embed"
"_ctypes.pyd","127480","Valid","Python Software Foundation","yes","0E56107A891100535F2DA79D85A5AE65FF1227B4765BD108F8593AC1A1110D81","python-embed"
"_decimal.pyd","262000","Valid","Python Software Foundation","yes","AEACFEAD2BEFCC0768063A037BB64BD32109AE09CB144E5F571B04DD7965DB9D","python-embed"
"_elementtree.pyd","135160","Valid","Python Software Foundation","yes","5009A9A53C03EF8387443B5CF6CE08E5C3A79727466A0B931C5BBCA915BF89CA","python-embed"
"_hashlib.pyd","68976","Valid","Python Software Foundation","yes","03D233DBACE599168EAFFEC823DE6ED7BEEC8C2A4EBFE9B8A3D8E042A59AF3BA","python-embed"
"_lzma.pyd","161136","Valid","Python Software Foundation","yes","E3DEECC1F59A3B811C608861DECD84DE1E8DF8BAFD5E2B39188861318C5A38CF","python-embed"
"_msi.pyd","46584","Valid","Python Software Foundation","yes","B49332BAE154EBDD8C3D5E7DDFDDE336D9C47F91BA028DC67BAFB2420B3DBB5C","python-embed"
"_multiprocessing.pyd","37368","Valid","Python Software Foundation","yes","2C636DF7059CB0DD7E978DD735C7C5C8DDB09CF94754CF9E232296B96C5C545A","python-embed"
"_overlapped.pyd","57336","Valid","Python Software Foundation","yes","662126FF80C3A1B4CEDF74074029C12AE4743E6D3B37376E39AC70AACB7D4D3C","python-embed"
"_queue.pyd","33784","Valid","Python Software Foundation","yes","48E76E0AD63F6932B4A77B5819F41C1E7595636CA8D9E824F0943A14B8BB5035","python-embed"
"_socket.pyd","85496","Valid","Python Software Foundation","yes","3EFA4636CF9E350856F6927D67A4C2564BF9BD2758A00BBF17D3AECE5B60016D","python-embed"
"_sqlite3.pyd","126184","Valid","Python Software Foundation","yes","64B51DF2805C58B023A875E8AE3BE7AC7F61EF664F32CA6C90F6315DA47EF0BC","python-embed"
"_ssl.pyd","179432","Valid","Python Software Foundation","yes","0BC527D2DBC50009F43B2ED5D5982C4F63F4B647647FFA9EDA612DCDA80F6040","python-embed"
"_uuid.pyd","27128","Valid","Python Software Foundation","yes","ACCE4F281D7FFB2DEC0997527FAF25B1DF62AD7BD3032C568DDCF65C90EDC867","python-embed"
"_wmi.pyd","40304","Valid","Python Software Foundation","yes","A980F1E7A29842BD946863FC2693FBEB555A9DC0F9E1630DFED9A2FCDEF3ECE2","python-embed"
"_zoneinfo.pyd","49656","Valid","Python Software Foundation","yes","76F1439CDA82AB6976DF6BA505C4079444703F6D44D8B0259CE59C0FF4279FB4","python-embed"
"libcrypto-3.dll","5231472","Valid","Python Software Foundation","yes","CCFFFDDCD3DEFB8D899026298AF9AF43BC186130F8483D77E97C93233D5F27D7","python-embed"
"libffi-8.dll","39696","Valid","Python Software Foundation","yes","EFF52743773EB550FCC6CE3EFC37C85724502233B6B002A35496D828BD7B280A","python-embed"
"libssl-3.dll","794992","Valid","Python Software Foundation","yes","007142039F04D04E0ED607BDA53DE095E5BC6A8A10D26ECEDDE94EA7D2D7EEFE","python-embed"
"pyexpat.pyd","205304","Valid","Python Software Foundation","yes","D615E193D1AFFCDBFE504E90D3621CBDCFF94BF72B79D899126534507FD6D27A","python-embed"
"python.exe","104952","Valid","Python Software Foundation","yes","4D6F5F81A4BCA11191C4C7C6B43632694D0A4CE74E068619D8FDC161D469859A","python-embed"
"python3.dll","70376","Valid","Python Software Foundation","yes","FB975A606E7FBF74F64260E3F60C3490B4F74A183C0926FD6ED1AC4C52AC7B1C","python-embed"
"python312.dll","6945272","Valid","Python Software Foundation","yes","9A0E3435AAA680D868150F87AB3E388AD2EEBC22F87E036155C7B4EDA8CD2120","python-embed"
"pythonw.exe","104304","Valid","Python Software Foundation","yes","D72294FB338BC2FC8896D25A7395A4DB466425427E1559E77185D5135A830681","python-embed"
"select.pyd","33136","Valid","Python Software Foundation","yes","D4D7181B11DB0BD22A6CD5CDA6F8583D1F5C77615FD0A6CA33350619D6E0438A","python-embed"
"sqlite3.dll","1583608","Valid","Python Software Foundation","yes","8DAA45684BF6688FCA28D956B2E8942F2FA98F656675CE68E6D61DD869848A7A","python-embed"
"unicodedata.pyd","1140592","Valid","Python Software Foundation","yes","208EE1CD3CBAD0828433CA7246B05BE2B1FF5569983D27D296C0B38888585488","python-embed"
"vcruntime140.dll","120400","Valid","Microsoft Windows Software Compatibility Publisher","yes","052AD6A20D375957E82AA6A3C441EA548D89BE0981516CA7EB306E063D5027F4","python-embed"
"vcruntime140_1.dll","49776","Valid","Microsoft Windows Software Compatibility Publisher","yes","6A99BC0128E0C7D6CBBF615FCC26909565E17D4CA3451B97F8987F9C6ACBC6C8","python-embed"
"winsound.pyd","31736","Valid","Python Software Foundation","yes","100E8D676777603C7258DAF9B2F23EF001F09F1596D8708DE359326FFF72BDDD","python-embed"
"site-packages\regex\_regex.cp312-win_amd64.pyd","726016","NotSigned","","no","8747B41F42655A8CF5571026917F0C549181AFA2B97F74CA669E475985B81B5B","regex"
"site-packages\safetensors\_safetensors_rust.pyd","734720","NotSigned","","no","80A2B3F7658854ADE855C5FB6192EE38FE2C7FBFD38D1C7C1F4D2C44F67125E4","safetensors"
"site-packages\scipy\_cyutility.cp312-win_amd64.pyd","192512","NotSigned","","no","5D31B649995F6E9FB95E15F2BA35DE18618347C33AEE07B9B3EAB506A2FDBD8F","scipy"
"site-packages\scipy\_lib\_ccallback_c.cp312-win_amd64.pyd","105984","NotSigned","","no","4BA005064AF61E94AD473F09BA67836523DB6773458470A6D8D7E5C1234BBDAC","scipy"
"site-packages\scipy\_lib\_fpumode.cp312-win_amd64.pyd","11776","NotSigned","","no","227637208FEFD2C1E41E57DA4A161ED08C9B4A52DCB5E90F6A75F1A9F6AFA4E0","scipy"
"site-packages\scipy\_lib\_test_ccallback.cp312-win_amd64.pyd","48128","NotSigned","","no","D057138FC9D01171748BB0BBF627A98017B2D03C8E4CA4A45CBEB9B7CCDDC5C7","scipy"
"site-packages\scipy\_lib\_test_deprecation_call.cp312-win_amd64.pyd","36352","NotSigned","","no","52CEF060143A058E12BFCAAF70E8007569182C1B8B0198EEA09D030B4CA8C3F8","scipy"
"site-packages\scipy\_lib\_test_deprecation_def.cp312-win_amd64.pyd","22016","NotSigned","","no","BE5FBB8D5A93F84CBCA45EBF9F47B5205471B0AC7B285FD55CADECD0882317AD","scipy"
"site-packages\scipy\_lib\_uarray\_uarray.cp312-win_amd64.pyd","247296","NotSigned","","no","5B759F7DF1EF9D0F61061ED528F6E9D0FE5C8938729AE9FCC26C557302403A23","scipy"
"site-packages\scipy\_lib\messagestream.cp312-win_amd64.pyd","62464","NotSigned","","no","A45EE93E69C84E9C198444DF93B6F8FFC4CE09C852F3892137B5B6F6034BAE6A","scipy"
"site-packages\scipy\cluster\hierarchy\_hierarchy.cp312-win_amd64.pyd","222720","NotSigned","","no","15968B75C9F81D564F8158E8651A099703B7C44981334EA80AAF67502E5920CD","scipy"
"site-packages\scipy\cluster\hierarchy\_optimal_leaf_ordering.cp312-win_amd64.pyd","169984","NotSigned","","no","E3D0273BEC8F079E1771169E86AC11E0CF2A9D4632130C0386E75A1A779CBCD0","scipy"
"site-packages\scipy\cluster\vq\_vq.cp312-win_amd64.pyd","105472","NotSigned","","no","70B06CDC4C39CE88E1D8A4C83C98F03D0C65E4834EF7E277094ED6FD00D667D4","scipy"
"site-packages\scipy\fft\_duccfft\pyduccfft.cp312-win_amd64.pyd","2786816","NotSigned","","no","18398EC2696B44BDA1E57036BE146534D916A01FDB82D6632C73472A2DFD49AF","scipy"
"site-packages\scipy\fftpack\convolve.cp312-win_amd64.pyd","122368","NotSigned","","no","5E84598E17D04B2CD232C13BD5E5ECA49E7136E78871DB751878219C26951E0F","scipy"
"site-packages\scipy\integrate\_dop.cp312-win_amd64.pyd","87040","NotSigned","","no","63CC8187017F0BD2A5E33B7DB7D487BB33AE264BEFB6861467994653DAC1E3B1","scipy"
"site-packages\scipy\integrate\_odepack.cp312-win_amd64.pyd","98816","NotSigned","","no","8CEC2D7783E804794AA7EECC6EB80E3380B350AF35C92BC419B977EF35D901C1","scipy"
"site-packages\scipy\integrate\_quadpack.cp312-win_amd64.pyd","142336","NotSigned","","no","03E0ED70DC1910B227F32676D4F4C8621F4B82AB45429E6F167DC582C4C67DD8","scipy"
"site-packages\scipy\integrate\_test_multivariate.cp312-win_amd64.pyd","13824","NotSigned","","no","B503483ABDCADB40CFEA257C54837258876238960F95DB875F74AF72AC005D46","scipy"
"site-packages\scipy\integrate\_vode.cp312-win_amd64.pyd","139776","NotSigned","","no","3B858A16E3408B25B6D3EF03066AA222E3C50F96E0526966D715A5FB93E17E5D","scipy"
"site-packages\scipy\interpolate\_dierckx.cp312-win_amd64.pyd","292864","NotSigned","","no","608680528EE32E54E13316FDD191C6A94E4BF54C64E389BF2B9F59A0EC3F9C2D","scipy"
"site-packages\scipy\interpolate\_fitpack.cp312-win_amd64.pyd","346112","NotSigned","","no","AF4120E06472C88E2B44BEB834A8E249ECC40DE777A2D3D7F74508FA8292B8DE","scipy"
"site-packages\scipy\interpolate\_interpnd.cp312-win_amd64.pyd","235008","NotSigned","","no","C3976F6CEF4D797F6AD156435CBA96782FD164695BEB5D44DAE2EBE138EB48D1","scipy"
"site-packages\scipy\interpolate\_ppoly.cp312-win_amd64.pyd","206848","NotSigned","","no","A3EF6CA12445CC777E0D07DA7890959509E96905701D87B97F368E045FD6BD0D","scipy"
"site-packages\scipy\interpolate\_rbfinterp_pythran.cp312-win_amd64.pyd","1144832","NotSigned","","no","D2392F5B85D9FBF0D3422EE8A531DD805FCB502D64AB04AFB6CB0EB21E03B5F7","scipy"
"site-packages\scipy\interpolate\_rgi_cython.cp312-win_amd64.pyd","122880","NotSigned","","no","430673F962EF25CDFE4587915541FC843AB77C99756AF741D1CDF6C9DFE12CDF","scipy"
"site-packages\scipy\io\_fast_matrix_market\_fmm_core.cp312-win_amd64.pyd","2880512","NotSigned","","no","CDC0CCCA43A3FCCAA9F47D3E12066956CB2A4B27C9C7D7D45A6A167DE9650E26","scipy"
"site-packages\scipy\io\matlab\_mio_utils.cp312-win_amd64.pyd","53760","NotSigned","","no","F06907F32F6213FE5CEAABF0D3FBBD89871A3F77DFE2D75ABF938FE001DC47D1","scipy"
"site-packages\scipy\io\matlab\_mio5_utils.cp312-win_amd64.pyd","185344","NotSigned","","no","929AB5A1BB59F8C1C824DB0335B996CF82F6884966C5E5EA30EC5DB7AAA700D0","scipy"
"site-packages\scipy\io\matlab\_streams.cp312-win_amd64.pyd","108544","NotSigned","","no","43079658168A32E8372044EE3108C1D43CF0FD000B48647F3BB8970F387240E6","scipy"
"site-packages\scipy\linalg\_batched_linalg.cp312-win_amd64.pyd","1165824","NotSigned","","no","4FF2E41E64D34A0F34CA4363D48074451E1E9977BFC366BF0B80D4C2F4A50268","scipy"
"site-packages\scipy\linalg\_cythonized_array_utils.cp312-win_amd64.pyd","198656","NotSigned","","no","DEAB4AAECDA674E2B45C4A19742DA78DC03F624CE023846417B7A18A8339031F","scipy"
"site-packages\scipy\linalg\_decomp_interpolative.cp312-win_amd64.pyd","742400","NotSigned","","no","CD4ACC7A49F36691C2AEAA128CBE2BCAA8F85AC71B8CF131EA58EF1291B00166","scipy"
"site-packages\scipy\linalg\_decomp_update.cp312-win_amd64.pyd","303616","NotSigned","","no","2BF6C314EDD1A8BF354F238415F3295AE464FDE97E1F276CA7EFCDC177AFE546","scipy"
"site-packages\scipy\linalg\_fblas.cp312-win_amd64.pyd","739840","NotSigned","","no","4832BD6D4E8F9BA7317985FDFA8656E8661E98CE952BA757671E3C2D236D9389","scipy"
"site-packages\scipy\linalg\_flapack.cp312-win_amd64.pyd","2301440","NotSigned","","no","EA9FC3BA84ABFB7BC1BE930D94A237AE494DF9EDE89A919602D661B606F55138","scipy"
"site-packages\scipy\linalg\_internal_matfuncs.cp312-win_amd64.pyd","172032","NotSigned","","no","AD0EC88336620B15D80F8588A212CADE3700B90C329C90B26BB10C5D4B8579C8","scipy"
"site-packages\scipy\linalg\_linalg_pythran.cp312-win_amd64.pyd","1038336","NotSigned","","no","6AC6BEA5E09D9F07F9E986BC2EDBE2B632CAFACDFAB9815865573427814A03E4","scipy"
"site-packages\scipy\linalg\_matfuncs_sqrtm_triu.cp312-win_amd64.pyd","107520","NotSigned","","no","EA95B4AA9018F7E059CE81047279D5F569D37FF6FB5ECCF9DA8511D115C4DC00","scipy"
"site-packages\scipy\linalg\_solve_toeplitz.cp312-win_amd64.pyd","123904","NotSigned","","no","F7627F12FFC46542802ED6940A7C449589226548D32B8DB6DD1C9ABC04CD0671","scipy"
"site-packages\scipy\linalg\cython_blas.cp312-win_amd64.pyd","127488","NotSigned","","no","3B74E06F76FEAB1041954F5B3EFEDEE516BD1259CC97846338D9570EBD39C0A5","scipy"
"site-packages\scipy\linalg\cython_lapack.cp312-win_amd64.pyd","203264","NotSigned","","no","5F9F5128647DC62EBBF518B8F4993061B01497ADF19CF26FFA1021F9DB88CA5B","scipy"
"site-packages\scipy\ndimage\_ctest.cp312-win_amd64.pyd","13824","NotSigned","","no","7D2A4993DC9F4697AEAE47678115C397FA6E31445D977E0B7B793406AC9E1A27","scipy"
"site-packages\scipy\ndimage\_cytest.cp312-win_amd64.pyd","73216","NotSigned","","no","D6A6FAF1F4B6E82D1E41FF0F39223C1B40E6734FD77E9A76B6696FA97E0F3A21","scipy"
"site-packages\scipy\ndimage\_nd_image.cp312-win_amd64.pyd","196608","NotSigned","","no","24B51C516E9344DFE459F5FD3932D04049F6AB7F9A131E2789E27C69EA7157FD","scipy"
"site-packages\scipy\ndimage\_ni_label.cp312-win_amd64.pyd","212480","NotSigned","","no","94E09844B8A3371F1B523A0AA2CE32ADA0E3627456AFD1E785C5A5E67849A27A","scipy"
"site-packages\scipy\ndimage\_rank_filter_1d.cp312-win_amd64.pyd","128000","NotSigned","","no","77F996DD45D7F2AA4E563340015791C067CDA9971BF55DBAEBEDC117E26E9DC1","scipy"
"site-packages\scipy\odr\__odrpack.cp312-win_amd64.pyd","715776","NotSigned","","no","0F767A3AAB13176DA056FC89E7758E7F3CD79EFF260D6A0977A2A96066D76AB9","scipy"
"site-packages\scipy\optimize\_bglu_dense.cp312-win_amd64.pyd","175616","NotSigned","","no","F1932732B5384833A4D36B4AB715E79D36C941D538AD9379445EDE7DCA77C7EC","scipy"
"site-packages\scipy\optimize\_direct.cp312-win_amd64.pyd","70656","NotSigned","","no","7CCD80C266D65FA2A15B7E11DD998F3A8E81937FAFC48C9F1BA4786FC867A4D7","scipy"
"site-packages\scipy\optimize\_group_columns.cp312-win_amd64.pyd","1007616","NotSigned","","no","7B2EA108304B87833E64C3BA9E5E6E8E6421D0D2E8EDA15ED5EA91A1D75ECC4A","scipy"
"site-packages\scipy\optimize\_highspy\_core.cp312-win_amd64.pyd","6709248","NotSigned","","no","E6BEB8321A4905C9BD0BA0EEC2DFA7E27D76A01AB7D0ABEAB81FCCE9AE6732E1","scipy"
"site-packages\scipy\optimize\_highspy\_highs_options.cp312-win_amd64.pyd","543232","NotSigned","","no","8B3CA9F9F5C5C56152BCD757A44C574F2E9C907FDA564ED9FF6A5552CDF0CFA6","scipy"
"site-packages\scipy\optimize\_lbfgsb.cp312-win_amd64.pyd","49664","NotSigned","","no","3AB8D1A5A2391952C66A4DE2126C3F151C7EFDAA2E8F340C465BF79B488A2739","scipy"
"site-packages\scipy\optimize\_lsap.cp312-win_amd64.pyd","190976","NotSigned","","no","34E851D39D8C07B071E1206752073B86D29E5CFB63001BC611805AC1D0DB7772","scipy"
"site-packages\scipy\optimize\_lsq\givens_elimination.cp312-win_amd64.pyd","70144","NotSigned","","no","C7A2D232BC5D4E6AFED937DF153FB36D128F5C2416527F2EB7CC8306AB6BC970","scipy"
"site-packages\scipy\optimize\_minpack.cp312-win_amd64.pyd","125952","NotSigned","","no","24FE418DBA91526E9AA41CD44902884BA42D63C67261C4C9CAB514F608F0EBCA","scipy"
"site-packages\scipy\optimize\_moduleTNC.cp312-win_amd64.pyd","151040","NotSigned","","no","B6D7FACC4F94F9C07BADE87AD7E9A096A4B112A2CA56FEA9B4BC19DED68D0959","scipy"
"site-packages\scipy\optimize\_pava_pybind.cp312-win_amd64.pyd","324096","NotSigned","","no","8B63297BCE9CB14EBF4D51AC87CDAD1EB27ED3B6F6867524FE06554623BAFF1D","scipy"
"site-packages\scipy\optimize\_slsqplib.cp312-win_amd64.pyd","48640","NotSigned","","no","A108AB846BCCB35169DC86B37C14E25A2EC4162B0235EA5282BA28EA057FF011","scipy"
"site-packages\scipy\optimize\_trlib\_trlib.cp312-win_amd64.pyd","207872","NotSigned","","no","5A24CA0F7984CFCE5AB7B0DE61BD4D4F61593D1DA1817D4CD168061CEE3BC99C","scipy"
"site-packages\scipy\optimize\_zeros.cp312-win_amd64.pyd","23040","NotSigned","","no","8D1797A4CF71C48E1C22D38DAFEB4CDD9BF882D7C59A16B2D9670A1A0A1808C2","scipy"
"site-packages\scipy\optimize\cython_optimize\_zeros.cp312-win_amd64.pyd","83456","NotSigned","","no","3B699E1493DE8CA3ACD9A31EAFACB5C2BDCD6F11DFB79F761628935D664ED9A6","scipy"
"site-packages\scipy\signal\_max_len_seq_inner.cp312-win_amd64.pyd","979968","NotSigned","","no","54EFEE1488634C9367E17C4F7C93F2C7B204A1EC860A89E2C1F02855B8AA2106","scipy"
"site-packages\scipy\signal\_peak_finding_utils.cp312-win_amd64.pyd","137728","NotSigned","","no","275F93BEF335982CD28089EF7F234585828F0FD6E4EE4400A467EBE768F0E2C3","scipy"
"site-packages\scipy\signal\_sigtools.cp312-win_amd64.pyd","119296","NotSigned","","no","843010BBEA19DF62B4D79F63A443B219258E7722CA9865D4B592A4E27EBE80C1","scipy"
"site-packages\scipy\signal\_sosfilt.cp312-win_amd64.pyd","110080","NotSigned","","no","2CE1F4F1039E89A75D2D181C313CE80FAC8EB285B8C33C0CA2ED8C4CB11F516C","scipy"
"site-packages\scipy\signal\_spline.cp312-win_amd64.pyd","59392","NotSigned","","no","F82CA6BE35DB51C0E5665E2F98A3B3699F7A5A654E205474A77D2214C335FFE5","scipy"
"site-packages\scipy\signal\_upfirdn_apply.cp312-win_amd64.pyd","193024","NotSigned","","no","B4E7CCB7CF4CF5AF0D0C774E1E64FFE8E525028DF3BE2755E6EF30C7D18AB9FF","scipy"
"site-packages\scipy\sparse\_csparsetools.cp312-win_amd64.pyd","406528","NotSigned","","no","AED673D21BB62C5C21448C954439522629E6AEBA99E031CA60F45731358D2162","scipy"
"site-packages\scipy\sparse\_sparsetools.cp312-win_amd64.pyd","4239360","NotSigned","","no","C582D431DCC2E3F6863DE23C1BA875EB88A88B8BA9BDA833C15CB0EBA306010E","scipy"
"site-packages\scipy\sparse\csgraph\_flow.cp312-win_amd64.pyd","185856","NotSigned","","no","CE057155684CA47B9D27C0F7385E272EAE38EA433D642E5C357333CDC7528D04","scipy"
"site-packages\scipy\sparse\csgraph\_matching.cp312-win_amd64.pyd","183296","NotSigned","","no","9023DF3BDAEB6AEDB9A10803C14E10CB12AFDC58C29E82C753BB364426138A6F","scipy"
"site-packages\scipy\sparse\csgraph\_min_spanning_tree.cp312-win_amd64.pyd","104448","NotSigned","","no","18425046FB2DE5D66E0C2505CE117FFD8CDD2DC205DFA8B01764F4C2EBCCC5AC","scipy"
"site-packages\scipy\sparse\csgraph\_reordering.cp312-win_amd64.pyd","152576","NotSigned","","no","573CF78E0D4A66FD11B49B2A33ED020503AFB4AECE6D703AD08E4830226B6418","scipy"
"site-packages\scipy\sparse\csgraph\_shortest_path.cp312-win_amd64.pyd","657408","NotSigned","","no","C26246270D52776546DA89396C8126C906D8B6FE9DFB9C011915E1CFA47F4A6C","scipy"
"site-packages\scipy\sparse\csgraph\_tools.cp312-win_amd64.pyd","159232","NotSigned","","no","D0F89D2F11AFEEA1D8EE26B2FF68DAEBBEF7060306E6BEFC05CADCA870A8B09B","scipy"
"site-packages\scipy\sparse\csgraph\_traversal.cp312-win_amd64.pyd","504320","NotSigned","","no","4051D206A9080264C95ED2C76E060ABD2A7631B34F3A1A4F4FDF7CF0842AD8E1","scipy"
"site-packages\scipy\sparse\linalg\_dsolve\_superlu.cp312-win_amd64.pyd","425984","NotSigned","","no","44A265B0BF2B4C6E278799A0DE9A34FD7CFFFD595CB8733736765402781E18BC","scipy"
"site-packages\scipy\sparse\linalg\_eigen\arpack\_arpacklib.cp312-win_amd64.pyd","223232","NotSigned","","no","E984176605364E73CC249BBBA86424E52DA831E6A148B865C1DEF3690F3A696F","scipy"
"site-packages\scipy\sparse\linalg\_propack.cp312-win_amd64.pyd","166912","NotSigned","","no","FAF5C9659A05DF0D712632F44BAA6ACC6537C3F4177EED2015839C701A1B70B1","scipy"
"site-packages\scipy\spatial\_ckdtree.cp312-win_amd64.pyd","863232","NotSigned","","no","C7BA13C929C2CC4CF29BEC12C35176575DFCD7AB52AF3AD850D8262BCE0E1CAB","scipy"
"site-packages\scipy\spatial\_distance_pybind.cp312-win_amd64.pyd","1479168","NotSigned","","no","3F7567C238CA2970586CE8A7A22420053C009F9BE1113CB2CB59CCBDE2411B64","scipy"
"site-packages\scipy\spatial\_distance_wrap.cp312-win_amd64.pyd","128512","NotSigned","","no","EB9331555F5E41913CF427588277FD54AE6ABB6E84A67FEB66E103EFCF3D3967","scipy"
"site-packages\scipy\spatial\_hausdorff.cp312-win_amd64.pyd","94208","NotSigned","","no","E475C94DBB2E89A0349135BE436579C718BA51A288709E183F33BA4A3A4C4698","scipy"
"site-packages\scipy\spatial\_qhull.cp312-win_amd64.pyd","871936","NotSigned","","no","0FDA7B02882CF95AC6E870B4472837366AFE8BB45DA148C9C7A91FE7F8678F47","scipy"
"site-packages\scipy\spatial\_voronoi.cp312-win_amd64.pyd","88064","NotSigned","","no","C77DF5FEAF55AB9C54EF5290E6D5AF51E3B92729841EA9DB1C6EA9F21410CC84","scipy"
"site-packages\scipy\spatial\transform\_rigid_transform_cy.cp312-win_amd64.pyd","236032","NotSigned","","no","7243E5BE688306C3C024AEF4372E8B7CBCB17880EDCE50838815D55758EEC7B1","scipy"
"site-packages\scipy\spatial\transform\_rotation_cy.cp312-win_amd64.pyd","523776","NotSigned","","no","3F9C4835B41355056DFC8E9A0070931EDD5F7866063EF9623338A20411F14CD9","scipy"
"site-packages\scipy\special\_comb.cp312-win_amd64.pyd","48128","NotSigned","","no","B11317038ABA00D901591974E3FF3866BE148424300E7324684729AF94F5D178","scipy"
"site-packages\scipy\special\_ellip_harm_2.cp312-win_amd64.pyd","133632","NotSigned","","no","86DF2B3AA07F1FB3FA2849D63A0CC133099A518BF164465360099B1F088C5FE5","scipy"
"site-packages\scipy\special\_gufuncs.cp312-win_amd64.pyd","937984","NotSigned","","no","3A0B65590282876BE90BCBF6C4E7A0E407FAAB76F2CF8F99FB7ADB715D136C65","scipy"
"site-packages\scipy\special\_specfun.cp312-win_amd64.pyd","311296","NotSigned","","no","57218E37F6C0AC1DA054745868E6E962E210013AA50D614C80850599A1EE9629","scipy"
"site-packages\scipy\special\_special_ufuncs.cp312-win_amd64.pyd","1630720","NotSigned","","no","7B8968E440AA7D613F0D90F5994F7C72268679409E0EA40685532452383A3CAC","scipy"
"site-packages\scipy\special\_test_internal.cp312-win_amd64.pyd","96256","NotSigned","","no","EB45951F62EB87DF00EC1142134FA1397016D2AA852428D1F6104FF8519C3C48","scipy"
"site-packages\scipy\special\_ufuncs.cp312-win_amd64.pyd","1434624","NotSigned","","no","4EE53D84CD5FFF84E7C82292AA3E986A91F0309B1952AE800FCB2AF68FB2161D","scipy"
"site-packages\scipy\special\_ufuncs_cxx.cp312-win_amd64.pyd","2673664","NotSigned","","no","11A9CDB4608A02BFEF01F68F73AA033BA0E6474A2D9527CD300F0410E9C87F46","scipy"
"site-packages\scipy\special\cython_special.cp312-win_amd64.pyd","2271744","NotSigned","","no","4F7B6A5E901044B8EE82BF45A09129598DA71478C962E661127CEE0549FB9E9F","scipy"
"site-packages\scipy\stats\_ansari_swilk_statistics.cp312-win_amd64.pyd","107008","NotSigned","","no","6BD2D42B8E6D22A1D4C4EC4AF90AEE02B8DC6FBAEB0ACD62A6319C0797D4B3D5","scipy"
"site-packages\scipy\stats\_biasedurn.cp312-win_amd64.pyd","374784","NotSigned","","no","6CD89CD9C564E82D07576CCFC7C9447DF4ED2E4EFCE6060228EA6198DCB5D6E7","scipy"
"site-packages\scipy\stats\_levy_stable\levyst.cp312-win_amd64.pyd","46080","NotSigned","","no","17265C24B0978D827B8366F706A54CB005FC8939422CBF0405443BBC66435B4A","scipy"
"site-packages\scipy\stats\_qmc_cy.cp312-win_amd64.pyd","1071616","NotSigned","","no","46CD196028DF91704BE4EA927178425CB5D83B5041C8CD190163FE038C8CED29","scipy"
"site-packages\scipy\stats\_qmvnt_cy.cp312-win_amd64.pyd","127488","NotSigned","","no","9B9B0CC4916000266C426460D99C8F1BB9388727BA029BDA6CF19D7C78CF607E","scipy"
"site-packages\scipy\stats\_rcont\rcont.cp312-win_amd64.pyd","111616","NotSigned","","no","FCFEB902482D2ED3F1CF8733C0E86DF4FA9210B51E18BD39B3B34B1E1BACE8B9","scipy"
"site-packages\scipy\stats\_sobol.cp312-win_amd64.pyd","168960","NotSigned","","no","EE5FCD62C8D7F327AAFF3D43EE84AC95D5C507FFCFA795D2EEABA615A33F504A","scipy"
"site-packages\scipy\stats\_stats.cp312-win_amd64.pyd","453632","NotSigned","","no","93D050E77912AEC0DB0CAE5D283298A3C0C69910E7E8918A2043E877A632D3A9","scipy"
"site-packages\scipy\stats\_stats_pythran.cp312-win_amd64.pyd","1044992","NotSigned","","no","94A6B599BAACD810A57746517FFC56741A9173DEFD611983553204FFD3AD0128","scipy"
"site-packages\scipy\stats\_unuran\unuran_wrapper.cp312-win_amd64.pyd","1265152","NotSigned","","no","4CBD1E282D233975E2436E4ADED18F57DC3C99C4BA69380D1FE6E3A18ACAF316","scipy"
"site-packages\scipy.libs\libscipy_openblas-197ee2fc9b4d071f7e048078cac74115.dll","20262912","NotSigned","","no","197EE2FC9B4D071F7E048078CAC741151A6585D871061CF5F88C0C73E31963A5","scipy.libs"
"site-packages\sentencepiece\_sentencepiece.cp312-win_amd64.pyd","1459712","NotSigned","","no","6FB545D1295CB7A4E87AE1884EA0EB3775D8261CAED4132D1DB5266B113BB781","sentencepiece"
"site-packages\setuptools\cli.exe","11776","NotSigned","","no","32ACC1BC543116CBE2CFF10CB867772DF2F254FF2634C870AEF0B46C4B696FDB","setuptools"
"site-packages\setuptools\cli-32.exe","11776","NotSigned","","no","32ACC1BC543116CBE2CFF10CB867772DF2F254FF2634C870AEF0B46C4B696FDB","setuptools"
"site-packages\setuptools\cli-64.exe","14336","NotSigned","","no","BBB3DE5707629E6A60A0C238CD477B28F07F0066982FDA953FA6FCEC39073A4A","setuptools"
"site-packages\setuptools\cli-arm64.exe","13824","NotSigned","","no","B9A7D08DA880DFAC8BCF548EBA4B06FB59B6F09B17D33148A0F6618328926C61","setuptools"
"site-packages\setuptools\gui.exe","11776","NotSigned","","no","85DAE1E95D77845F2CB59BCAC3D4AFE74BBE4C91A9BCC5BF4A71CD43104DBE7C","setuptools"
"site-packages\setuptools\gui-32.exe","11776","NotSigned","","no","85DAE1E95D77845F2CB59BCAC3D4AFE74BBE4C91A9BCC5BF4A71CD43104DBE7C","setuptools"
"site-packages\setuptools\gui-64.exe","14336","NotSigned","","no","3471B6140EADC6412277DBBEFE3FEF8C345A0F1A59776086B80A3618C3A83E3B","setuptools"
"site-packages\setuptools\gui-arm64.exe","13824","NotSigned","","no","E694F4743405C8B5926FF457DB6FE7F1A12DEC7C16A9C3864784D3F4E07AE097","setuptools"
"site-packages\sklearn\.libs\msvcp140.dll","642720","Valid","Microsoft Windows Software Compatibility Publisher","yes","639342EA9A67C0009122238CE070A8257E2E04D367D627509FEC29F8442AFB42","sklearn"
"site-packages\sklearn\.libs\vcomp140.dll","213072","Valid","Microsoft Windows Software Compatibility Publisher","yes","F96F3A14D88D8846F31F3AB38A490304CE7D6E4F70FAE4304C63E59C7AEA2D30","sklearn"
"site-packages\sklearn\__check_build\_check_build.cp312-win_amd64.pyd","28672","NotSigned","","no","7150A550E19262F662768B25DA8A255EBE98DB6E7093D86183BE87CD5B862FB0","sklearn"
"site-packages\sklearn\_cyutility.cp312-win_amd64.pyd","128512","NotSigned","","no","36668A85066F4AA3276B27AB5C7904ACEC024FDA078E296F431D34131F63775B","sklearn"
"site-packages\sklearn\_isotonic.cp312-win_amd64.pyd","90624","NotSigned","","no","A311C0562395FC16E68D617CA96D3C09113304340842A7901642628045107CBF","sklearn"
"site-packages\sklearn\_loss\_loss.cp312-win_amd64.pyd","1312768","NotSigned","","no","BB1BA3CC4889E163F1110FC3E36A455ACC466EA5D004341B5A8484EB3270DFFF","sklearn"
"site-packages\sklearn\cluster\_dbscan_inner.cp312-win_amd64.pyd","43520","NotSigned","","no","D0D823DBC3223A5FE428081631268015FFEF921C29D5498BF85783AE41A8C9ED","sklearn"
"site-packages\sklearn\cluster\_hdbscan\_linkage.cp312-win_amd64.pyd","89600","NotSigned","","no","389F894D712908F39AB15FE93DE63479D34B1FEC0D03BB5C718E20580993DA5D","sklearn"
"site-packages\sklearn\cluster\_hdbscan\_reachability.cp312-win_amd64.pyd","144896","NotSigned","","no","DA750E7B1D624399317A9A589EF5C500E081A73C2BC65BB5C77E6BBE835C1AFC","sklearn"
"site-packages\sklearn\cluster\_hdbscan\_tree.cp312-win_amd64.pyd","172032","NotSigned","","no","7F217D88D1BD65CC751642C8195CD496FEEEACF02D170F87014E68DA2A5139DE","sklearn"
"site-packages\sklearn\cluster\_hierarchical_fast.cp312-win_amd64.pyd","117248","NotSigned","","no","DD4285D0592B3C1F4DB58C98ABE0D75C73D2FFCB3F185343D2CD1090053A1B5A","sklearn"
"site-packages\sklearn\cluster\_k_means_common.cp312-win_amd64.pyd","195584","NotSigned","","no","0A2CC3827EDA6419E6A8ED68CD82C10A2C83A5CA44CAFC08461F03B7DEDF0C96","sklearn"
"site-packages\sklearn\cluster\_k_means_elkan.cp312-win_amd64.pyd","215552","NotSigned","","no","EE13277290EBC01511B922ADDF7E2C2B2F3ACE5726F72C2C04CFC6866F4A8060","sklearn"
"site-packages\sklearn\cluster\_k_means_lloyd.cp312-win_amd64.pyd","141824","NotSigned","","no","CE43521D35763B556B967D8A16552928B188178A6405ABFB9E4005E90EC0F4A6","sklearn"
"site-packages\sklearn\cluster\_k_means_minibatch.cp312-win_amd64.pyd","99840","NotSigned","","no","A538997BFC96AC9A39A31F4065C085F1E04F7949B2F62BFCFEBB296330C0E131","sklearn"
"site-packages\sklearn\datasets\_svmlight_format_fast.cp312-win_amd64.pyd","269312","NotSigned","","no","8E5F0C3B89BBE319A7B635BE76FBFA2C45220D52F333A9A030CFE4D5CBEAB72E","sklearn"
"site-packages\sklearn\decomposition\_cdnmf_fast.cp312-win_amd64.pyd","59904","NotSigned","","no","30F9B8817583E1603B68E72C26F68AD959EDE46DA8598B1936C0D480231644EE","sklearn"
"site-packages\sklearn\decomposition\_online_lda_fast.cp312-win_amd64.pyd","83968","NotSigned","","no","E2F94CC12476A64594455C9C9C95E58D642509384FF9FCB37E48E9DA4E1B0BB8","sklearn"
"site-packages\sklearn\ensemble\_gradient_boosting.cp312-win_amd64.pyd","72192","NotSigned","","no","BF5578C4FCBDA0EEFDA63CF0E59FE0F63A84953BF6892FE3880512452990BD61","sklearn"
"site-packages\sklearn\ensemble\_hist_gradient_boosting\_binning.cp312-win_amd64.pyd","43008","NotSigned","","no","A583C8B6F017E19E8B4DCA031BE7F56A88ED11E0FEBD00F66B0CF5B0953AF759","sklearn"
"site-packages\sklearn\ensemble\_hist_gradient_boosting\_gradient_boosting.cp312-win_amd64.pyd","48640","NotSigned","","no","F34A140C4F625FF924542ED17CA55BCF32AF043DB56D4AC8AAD98BEB06A9CE53","sklearn"
"site-packages\sklearn\ensemble\_hist_gradient_boosting\_predictor.cp312-win_amd64.pyd","66560","NotSigned","","no","FA524CA7BC41B84AE126D23968C727487F4D0A1718FE4ADBCA6DD996A3AF810C","sklearn"
"site-packages\sklearn\ensemble\_hist_gradient_boosting\common.cp312-win_amd64.pyd","32256","NotSigned","","no","56A592E612341C2DC8DA76FF976C97D443B06CC3C1173BA51CFF8F637D10CE3E","sklearn"
"site-packages\sklearn\ensemble\_hist_gradient_boosting\histogram.cp312-win_amd64.pyd","126976","NotSigned","","no","80506C76ED9F4111D7B6D7E6684C7CEEAD1162F59E0F29362BD69F31B1B936AD","sklearn"
"site-packages\sklearn\ensemble\_hist_gradient_boosting\splitting.cp312-win_amd64.pyd","137728","NotSigned","","no","827DEF82A309C3CAF5740893E15562F858AC15536077C77359873375C12D566B","sklearn"
"site-packages\sklearn\feature_extraction\_hashing_fast.cp312-win_amd64.pyd","60416","NotSigned","","no","C63E6FFF3793AF1459F00E2FD46A99B0FAB43BBAE8E7DC8A23CA6ECB82981695","sklearn"
"site-packages\sklearn\linear_model\_cd_fast.cp312-win_amd64.pyd","309760","NotSigned","","no","F95BDAB8FE77679C062557CB8B427F3A7EDA45796E9D778304DD8B5BB442CD1D","sklearn"
"site-packages\sklearn\linear_model\_sag_fast.cp312-win_amd64.pyd","97280","NotSigned","","no","49D21BC300D5FF1DC95A08FEEC193A8D540AB7C0AF3BBF328BD9AE5C44A459A5","sklearn"
"site-packages\sklearn\linear_model\_sgd_fast.cp312-win_amd64.pyd","139776","NotSigned","","no","A40A93AD43AE8888733BBD171BD321FB2245CB049CD836A93E3559DB00DC3464","sklearn"
"site-packages\sklearn\manifold\_barnes_hut_tsne.cp312-win_amd64.pyd","64512","NotSigned","","no","E272C5632959D2D0012BADE0A95F711C725E96100B83623D5E01A08C8C6D476C","sklearn"
"site-packages\sklearn\manifold\_utils.cp312-win_amd64.pyd","47616","NotSigned","","no","D6D7C8D4558432F4DFEA6C58AE3F6764DF30D86D59232635C6B8782402CB5D5D","sklearn"
"site-packages\sklearn\metrics\_dist_metrics.cp312-win_amd64.pyd","387584","NotSigned","","no","841E0611C4733727F66F8AF31E228B43C397A603E2946AFD4089853A6CE5A2C4","sklearn"
"site-packages\sklearn\metrics\_pairwise_distances_reduction\_argkmin.cp312-win_amd64.pyd","126976","NotSigned","","no","84C040B23D5B22C3683E2606D47B40D6FDA5DA97C13CBA4926098CDE83880B0F","sklearn"
"site-packages\sklearn\metrics\_pairwise_distances_reduction\_argkmin_classmode.cp312-win_amd64.pyd","85504","NotSigned","","no","826F75C253F07171C25E768EB69E68A5DD6EB12528E7B46B663271B469AD6835","sklearn"
"site-packages\sklearn\metrics\_pairwise_distances_reduction\_base.cp312-win_amd64.pyd","108544","NotSigned","","no","CD5567DD02CC1ED037CC406F18ADB6590C26757664B631535401CD78DF40A595","sklearn"
"site-packages\sklearn\metrics\_pairwise_distances_reduction\_datasets_pair.cp312-win_amd64.pyd","198656","NotSigned","","no","49EA248C1204DFAAD0646DF3E78B12A89C8B6B6982729DE43730BB989A6DB44B","sklearn"
"site-packages\sklearn\metrics\_pairwise_distances_reduction\_middle_term_computer.cp312-win_amd64.pyd","206848","NotSigned","","no","4455A516DB14499775B26F9EA2A13FE70E50F99297E682BB04C1D7EFE544C8AF","sklearn"
"site-packages\sklearn\metrics\_pairwise_distances_reduction\_radius_neighbors.cp312-win_amd64.pyd","158720","NotSigned","","no","2311A7520BAFE5420010C1F45F793736B8296493A1820FF7D39F5D055B09121A","sklearn"
"site-packages\sklearn\metrics\_pairwise_distances_reduction\_radius_neighbors_classmode.cp312-win_amd64.pyd","93696","NotSigned","","no","41C84D9AD605D77A041D1579E198826081BAEA73E4EA431431C82780DD53C869","sklearn"
"site-packages\sklearn\metrics\_pairwise_fast.cp312-win_amd64.pyd","84480","NotSigned","","no","7BF407835E0951E98BB4CAC079113B446D5AC77C602701AFCC6E5373413DFE74","sklearn"
"site-packages\sklearn\metrics\cluster\_expected_mutual_info_fast.cp312-win_amd64.pyd","56320","NotSigned","","no","1A6FAA1789B6DAE2CC2E2ABEDCFB609960E3831E90B1611249102BF7EC681FF6","sklearn"
"site-packages\sklearn\neighbors\_ball_tree.cp312-win_amd64.pyd","378880","NotSigned","","no","D3FE5F5412C5990BC24BF6CCD6B44D176617DD578BEDA1396946299ADD0452CA","sklearn"
"site-packages\sklearn\neighbors\_kd_tree.cp312-win_amd64.pyd","379392","NotSigned","","no","4E4078DD17163A261C370104717D1D4DDA74321A017581FC137C3898628B5D76","sklearn"
"site-packages\sklearn\neighbors\_partition_nodes.cp312-win_amd64.pyd","25088","NotSigned","","no","6B6A173C64C6229D2DA65420D6FDD6D24C40D5FC9269C02ECE86E45E44C73BBD","sklearn"
"site-packages\sklearn\neighbors\_quad_tree.cp312-win_amd64.pyd","111616","NotSigned","","no","065D42A4ED3DC39561D062229089FDD60277B183D4F87699A45005D5AA3CC9B1","sklearn"
"site-packages\sklearn\preprocessing\_csr_polynomial_expansion.cp312-win_amd64.pyd","211456","NotSigned","","no","8274ED987527F143763180F84734079C184817165C1ABD8D47FD14BD4FC820A5","sklearn"
"site-packages\sklearn\preprocessing\_target_encoder_fast.cp312-win_amd64.pyd","253952","NotSigned","","no","2EFE881552594ED9EE2013606DBC06C11B4510C421435A08305FA4AA026DED80","sklearn"
"site-packages\sklearn\svm\_liblinear.cp312-win_amd64.pyd","114176","NotSigned","","no","547B99771DE350D78BD1B6F03E2C7B9B7B4F79B8A4D3220BCBFEAA786E2C32E5","sklearn"
"site-packages\sklearn\svm\_libsvm.cp312-win_amd64.pyd","246272","NotSigned","","no","41CB6066EB3BC37C69449DFDE75D698F3D1BCBE4F1AC9A4A876273E7BA6A622E","sklearn"
"site-packages\sklearn\svm\_libsvm_sparse.cp312-win_amd64.pyd","199680","NotSigned","","no","7171083403AD80FF23479895FDD3B61BA4F8FEB3C5AA50E5F059A65C4B0479DC","sklearn"
"site-packages\sklearn\svm\_newrand.cp312-win_amd64.pyd","38912","NotSigned","","no","FB328A3AC6D553E5B84EB8BE2F174F71F89D1CF231DC348CC8296FD280D1A1F8","sklearn"
"site-packages\sklearn\tree\_criterion.cp312-win_amd64.pyd","156672","NotSigned","","no","518624B854974BF2D2C63271B5AB99FB784305D9038C56278131E7B830994A8B","sklearn"
"site-packages\sklearn\tree\_partitioner.cp312-win_amd64.pyd","117760","NotSigned","","no","419F2CE9EBBD25CF590D64AE9FDEAEB13CD05E43527C3DA0A6EB4F28F6F62DBB","sklearn"
"site-packages\sklearn\tree\_splitter.cp312-win_amd64.pyd","90624","NotSigned","","no","EAA68085AFFEE187A52551178D0B68E3C843572B2581187E02F9B6EFD9CEC069","sklearn"
"site-packages\sklearn\tree\_tree.cp312-win_amd64.pyd","285184","NotSigned","","no","7AB19627F18AE6F01432087736022D02D9CD82247BC13BC85C8A3FF3AB90BA9E","sklearn"
"site-packages\sklearn\tree\_utils.cp312-win_amd64.pyd","64512","NotSigned","","no","E05DBB1DA41D1CE6E094ED74B1B9ED90CD280A945350F96C62CF033700BC2BC2","sklearn"
"site-packages\sklearn\utils\_bitset.cp312-win_amd64.pyd","45056","NotSigned","","no","0D6EBFF490D1729DC4F0F0697046D50FD3A6E948C8FD1A1DB59785E9A3D82255","sklearn"
"site-packages\sklearn\utils\_cython_blas.cp312-win_amd64.pyd","148992","NotSigned","","no","F44998E1EC5EC0810B6A88ACA599115533165CE489E839E12248BD95A56E4857","sklearn"
"site-packages\sklearn\utils\_fast_dict.cp312-win_amd64.pyd","91136","NotSigned","","no","D351C53A524B4115E042521D30A468D847DB873387007F45B6D34C0CC094AE2E","sklearn"
"site-packages\sklearn\utils\_heap.cp312-win_amd64.pyd","18432","NotSigned","","no","5AA5523F148682441343577455D2232CEF3E89F1B07A65122D92C4E7442AA583","sklearn"
"site-packages\sklearn\utils\_isfinite.cp312-win_amd64.pyd","58368","NotSigned","","no","BBACE3B364CEB60FEF5533EA148D94A37F1C8D1A43515A306B3B572343A67E18","sklearn"
"site-packages\sklearn\utils\_openmp_helpers.cp312-win_amd64.pyd","43520","NotSigned","","no","2CE9ED438A9A56933BF2905D330D5F8DEEA10F61FA1708079E62C7A0703BFF99","sklearn"
"site-packages\sklearn\utils\_random.cp312-win_amd64.pyd","111616","NotSigned","","no","CB5B19DB12BE7360CB369D705C3AAF1E0F7795A54BB30C1F55C54A64217B5D20","sklearn"
"site-packages\sklearn\utils\_seq_dataset.cp312-win_amd64.pyd","118784","NotSigned","","no","794830C1298BF4CE8DA39CFD89358A9F32154FF77B935F9D2A19533CD57ADDE4","sklearn"
"site-packages\sklearn\utils\_sorting.cp312-win_amd64.pyd","58368","NotSigned","","no","524A6417D0CF8E98C1C745146B6894755390DFF3002AEA76B2A83B2508B5EA03","sklearn"
"site-packages\sklearn\utils\_typedefs.cp312-win_amd64.pyd","75776","NotSigned","","no","B400A6F803FE31B78EF83E2FA95465DAE442DD42021BB8635F66336FE8A519D7","sklearn"
"site-packages\sklearn\utils\_vector_sentinel.cp312-win_amd64.pyd","95744","NotSigned","","no","ED6721B3407C8D10CA9C928B36E7BF976E3F7CC72AEF95336D84C4154D2197C5","sklearn"
"site-packages\sklearn\utils\_weight_vector.cp312-win_amd64.pyd","50688","NotSigned","","no","B8F0917245117C19D73FDF6D9BB77E7CAA816C545EE8EF22BB4EB02C4F73D630","sklearn"
"site-packages\sklearn\utils\arrayfuncs.cp312-win_amd64.pyd","87552","NotSigned","","no","800B1979161F9A223BCC6880DFAEF441D571A4BEA3A77AC84FB4DF62D558EAB8","sklearn"
"site-packages\sklearn\utils\murmurhash.cp312-win_amd64.pyd","61440","NotSigned","","no","F6F5B6ABB690A46759867AF23FE0CBDE6414780218CF76A963AA875056F33E8D","sklearn"
"site-packages\sklearn\utils\sparsefuncs_fast.cp312-win_amd64.pyd","485376","NotSigned","","no","4FFAD48859606CFEFE5AEE0B511A93CDC1B753D21CCBFBBC2E7EB66177D44952","sklearn"
"site-packages\soxr\soxr_ext.pyd","354304","NotSigned","","no","17850A2A3AF1C7F317A13AB5065711E9E40AC3A92CA17FEFB6E4BDA58B7AD908","soxr"
"site-packages\tokenizers\tokenizers.pyd","7847936","NotSigned","","no","05848A2A85E1466D19242499ED6B8C016A886DB79ACA020792AA5598DED77EF9","tokenizers"
"site-packages\torch\_C.cp312-win_amd64.pyd","10752","NotSigned","","no","515F71DB3D2233711A6E1E85057D7BF852F65CC5432BF63644DBE2CAD48B15DE","torch"
"site-packages\torch\bin\protoc.exe","2800640","NotSigned","","no","CAA6C663A7175EDC562F391E62415B3BEA726655211B2203C78AD8D7B3BBF7D7","torch"
"site-packages\torch\lib\c10.dll","1081344","NotSigned","","no","BDD7B87C1BD9EABBC8F6DC8FD08137F9FDB0536DD25BDDB84548B75257B94843","torch"
"site-packages\torch\lib\c10_cuda.dll","412160","NotSigned","","no","70FFA5563B61A8EF4DED697F4E2B017ED5BF6D2472FE781C0F8547A557D8BB5E","torch"
"site-packages\torch\lib\caffe2_nvrtc.dll","54272","NotSigned","","no","6D398471B578A082A2493AAD28F4781ECEBBCC589401DA80B8C601E7F1FEB522","torch"
"site-packages\torch\lib\cublas64_13.dll","50288240","Valid","NVIDIA Corporation","yes","5D083083CDD613577496791DD96D00FE3A78C955684B53CA46A8FFA3E0B1E170","torch"
"site-packages\torch\lib\cublasLt64_13.dll","477896816","Valid","NVIDIA Corporation","yes","E1C26671801ECD435BAF97C6E9CFE28196CF55005C2039356B48030B09CE5DD5","torch"
"site-packages\torch\lib\cudart64_13.dll","470640","Valid","NVIDIA Corporation","yes","58C509047F9DD1879CF82C6D5375A95C02C7BD295AE6C8362C745C936E2AFC31","torch"
"site-packages\torch\lib\cudnn_adv64_9.dll","88123936","Valid","NVIDIA Corporation","yes","8C99FC46CE20A206309E936D029A10C68F3B40B027E6EB41B2B08DCA34E2C1A7","torch"
"site-packages\torch\lib\cudnn_cnn64_9.dll","1428080","Valid","NVIDIA Corporation","yes","C3C2AACF2B61563C72B14D2466DA403C99C13D17DDDDDF62AF2F5A1A299AA3A6","torch"
"site-packages\torch\lib\cudnn_engines_precompiled64_9.dll","188558368","Valid","NVIDIA Corporation","yes","C329D58CB49E3A1574D2BBDDE12C6A53F787C12F813EFA9DB7EFA8D16C4207FB","torch"
"site-packages\torch\lib\cudnn_engines_runtime_compiled64_9.dll","19942944","Valid","NVIDIA Corporation","yes","9D0CAFC368B1998811F49509B031A4D69C5972A91A3210D89AE183BA7A918719","torch"
"site-packages\torch\lib\cudnn_graph64_9.dll","2285600","Valid","NVIDIA Corporation","yes","BD641FD259E877928AE9469EFAE7A40666D0B4DB71EA1DF18A40479378B75DFE","torch"
"site-packages\torch\lib\cudnn_heuristic64_9.dll","53315104","Valid","NVIDIA Corporation","yes","C81C3CD1D76FADE865512CEB5318F793B1871097AA92AFEFCDDF5E4DD6CBD924","torch"
"site-packages\torch\lib\cudnn_ops64_9.dll","29970976","Valid","NVIDIA Corporation","yes","92C09220F486C3EB3A456106E069667253F153792B2E8E91CBA49DB110A74F5E","torch"
"site-packages\torch\lib\cudnn64_9.dll","266352","Valid","NVIDIA Corporation","yes","99A529A5C252FBC1EFCB2F51860498AED053BE878090F2094AC86638D4765021","torch"
"site-packages\torch\lib\cufft64_12.dll","284331040","Valid","NVIDIA Corporation","yes","611BA7E40DFAB64B9B5BD35F4AD3593E00A8E93785FBF53160D9398AACD5AC14","torch"
"site-packages\torch\lib\cufftw64_12.dll","201264","Valid","NVIDIA Corporation","yes","59E3B4CFB3E82481EBD773F3A58BF4F64966D1657CCC6B8F72B33C42FCDA6079","torch"
"site-packages\torch\lib\cupti64_2025.3.0.dll","2067488","Valid","NVIDIA Corporation","yes","2015295CE64F2B6F36EE8A0B9C91CB365DED4BD7173C63DA36F75CAAD1D464EE","torch"
"site-packages\torch\lib\curand64_10.dll","58863672","Valid","NVIDIA Corporation","yes","DA51792DC1B4768EA8207A21F5A2E05226263AE399B310CFD9BC7EFB481B5530","torch"
"site-packages\torch\lib\cusolver64_12.dll","126421024","Valid","NVIDIA Corporation","yes","BF27332AD47B6E86E3C3C8B24D7A3005D823FFD1EE1CADBE6642F6C1EA48FD8F","torch"
"site-packages\torch\lib\cusolverMg64_12.dll","95365152","Valid","NVIDIA Corporation","yes","A92DC614FDB5CF48272E26819092A5D012BB4B3D477F9E78BBAAF4290E343B14","torch"
"site-packages\torch\lib\cusparse64_12.dll","150326304","Valid","NVIDIA Corporation","yes","A155D5BFD5BFF68305557BE21486470B9949CF6A45A3ACDA80B27E1670E671E2","torch"
"site-packages\torch\lib\libiomp5md.dll","1614192","Valid","Intel Corporation","yes","D41A71C38F627A95748596820AB380135DCCCC4CEECD6FE7D4E247D015BF55A4","torch"
"site-packages\torch\lib\libiompstubs5md.dll","43888","Valid","Intel Corporation","yes","137DD44F652A926EB540861994C58EA24EBFBF6B45886AC964A68C5742549C47","torch"
"site-packages\torch\lib\nvJitLink_130_0.dll","88218656","Valid","NVIDIA Corporation","yes","B6C247DE22EE23EF60D0148BD3A3343164891CD9F2E9946BF23FC459D12C5222","torch"
"site-packages\torch\lib\nvperf_host.dll","27764256","Valid","NVIDIA Corporation","yes","8530CC52B673A0CEE8E84DED28C041B16622AE566D4B9D15FFBC275BC8695AFC","torch"
"site-packages\torch\lib\nvrtc64_130_0.alt.dll","91028512","Valid","NVIDIA Corporation","yes","F0E9688B032FEAC4F05FBF327493252DDA0AD77A527ECB543AF91E2B1B337D31","torch"
"site-packages\torch\lib\nvrtc64_130_0.dll","90961440","Valid","NVIDIA Corporation","yes","37D2195BCDC5DB37A838A8EB4F286F502EA94D82319BB7DE68751AD672F4AD6D","torch"
"site-packages\torch\lib\nvrtc-builtins64_130.dll","4471328","Valid","NVIDIA Corporation","yes","65813A86FBE8FE9AB6ADFF04275C7E9BE9D4CA67FCCDB868BB18A4F497155A6B","torch"
"site-packages\torch\lib\nvToolsExt64_1.dll","48128","NotSigned","","no","0FE54F1B80AD3E44DA2A3D9F0956E7C3903029D6319689CE1C4068F7A20932F3","torch"
"site-packages\torch\lib\shm.dll","15360","NotSigned","","no","68EA56F2C3DDA60519C83287EC362A404585671088C6DD5BAE75022906D36451","torch"
"site-packages\torch\lib\torch.dll","9728","NotSigned","","no","5C6EAF6A6F5D9C0DDB685B5DD534C693BF0F2C5447BCA01F514B2FF825AF69A2","torch"
"site-packages\torch\lib\torch_cpu.dll","265100288","NotSigned","","no","DB47CB6CD33A4274702BE87E70EEC889F6E1350E727F47E4A8CBA4559BF431B1","torch"
"site-packages\torch\lib\torch_cuda.dll","408946688","NotSigned","","no","375CEC23E30221E05EB917A770BA64D6AACC28330F91C3E27023D0A90A5CF569","torch"
"site-packages\torch\lib\torch_global_deps.dll","9728","NotSigned","","no","1040FE6705DC4384B0971336D1788EF9487E8221D500B58B7741E68D3E0A9EBF","torch"
"site-packages\torch\lib\torch_python.dll","19076096","NotSigned","","no","4CB522765CF9472678AB0B432FF393994810C09CCC4CEA7AC4017CB027C650F1","torch"
"site-packages\torch\lib\uv.dll","195072","NotSigned","","no","FA569E682FC5FB7A8EB94C6829AF9F30A569748DBBC6BCE39735D48BC960BCF8","torch"
"site-packages\torch\lib\zlibwapi.dll","89088","NotSigned","","no","1F047FAEC08D9A35C304FB4A7CF13853589359A8F7CBFDD48C5D5807712DCF05","torch"
"site-packages\torchaudio\lib\_torchaudio.pyd","616448","NotSigned","","no","622B8F64AEB0C655E5B69F0102EFCC51E391E8FC31ACADA6B722BC4E77790ED7","torchaudio"
"site-packages\torchaudio\lib\libctc_prefix_decoder.pyd","5587456","NotSigned","","no","035DA9F84DB83555934CD79B6B8AE30FAFF19554A06238F3C7F2F50EE55110BB","torchaudio"
"site-packages\torchaudio\lib\libtorchaudio.pyd","1996288","NotSigned","","no","BD46E5F7F573D05E6EDBD05129CE06F4FD72113FB65B21A7D2430535A01B5F71","torchaudio"
"site-packages\torchaudio\lib\pybind11_prefixctc.pyd","708608","NotSigned","","no","7ABE18F626DC74D0D96642E0DE4348D91A9CC86EB23979F2D2827B542EC2F751","torchaudio"
"site-packages\watchfiles\_rust_notify.cp312-win_amd64.pyd","636416","NotSigned","","no","51EA9B485458E0469A67250C64F9DDA9A86C9A670CE67182CFD36DC991D286D5","watchfiles"
"site-packages\websockets\speedups.cp312-win_amd64.pyd","11264","NotSigned","","no","1347A3C6C5ADAFC0CACFCD9D07381A37C78959E4F7CF21199A796E5585A5313A","websockets"
"site-packages\yaml\_yaml.cp312-win_amd64.pyd","253952","NotSigned","","no","4FD0E84F50261ED0886CFFCDD8008B055AF3352546E649C3D741B50EAE1F9B5F","yaml"
