name,version,kind,filename,ledger_license,declared_source,wheel_License-Expression,wheel_License,wheel_Classifier_License,wheel_License-File_count,ledger_vs_wheel,license_files_count,license_files,NOTICE_files,classification,gap,native_count,native_paths,entries,archive_bytes,url
absl-py,2.5.0,wheel,absl_py-2.5.0-py3-none-any.whl,Apache-2.0,License-Expression,Apache-2.0,,License :: OSI Approved :: Apache Software License,2,same,2,absl_py-2.5.0.dist-info/licenses/AUTHORS (296 B); absl_py-2.5.0.dist-info/licenses/LICENSE (11358 B),,permissive,,0,,30,137410,https://files.pythonhosted.org/packages/58/0a/a10b45aab35b175aded078a462dc8d0c698f5b13946e7cb0869097b78bb6/absl_py-2.5.0-py3-none-any.whl
annotated-doc,0.0.5,wheel,annotated_doc-0.0.5-py3-none-any.whl,MIT,License-Expression,MIT,,,1,same,1,annotated_doc-0.0.5.dist-info/licenses/LICENSE (1086 B),,permissive,,0,,8,5302,https://files.pythonhosted.org/packages/3e/30/e900b21425a860e195f32e37657aa1f7c7f2b1bfb26f03ca209b90933c06/annotated_doc-0.0.5-py3-none-any.whl
annotated-types,0.8.0,wheel,annotated_types-0.8.0-py3-none-any.whl,MIT,License-Expression,MIT,,License :: OSI Approved :: MIT License,1,same,1,annotated_types-0.8.0.dist-info/licenses/LICENSE (1083 B),,permissive,,0,,7,13427,https://files.pythonhosted.org/packages/99/91/8acff4f5e50511b911bbccb72b8628a49c68ce14148cd9f6431094859a90/annotated_types-0.8.0-py3-none-any.whl
anyio,4.15.0,wheel,anyio-4.15.0-py3-none-any.whl,MIT,License-Expression,MIT,,,1,same,1,anyio-4.15.0.dist-info/licenses/LICENSE (1081 B),,permissive,,0,,53,131908,https://files.pythonhosted.org/packages/21/a6/2b21ce5ebe4d8938a247c9b0dbb7271566ae559b01795c83ea4bb2660ed7/anyio-4.15.0-py3-none-any.whl
argbind,0.3.9,sdist,argbind-0.3.9.tar.gz,License :: OSI Approved :: MIT License,Classifier,,,License :: OSI Approved :: MIT License,1,same,1,argbind-0.3.9/LICENSE.md (1073 B),,permissive,LICENSE-OUTSIDE-package_dir (dropped by pure-python-src install),0,,14,17567,https://files.pythonhosted.org/packages/8e/25/4422cf7777c0cedd2fbcbdf8face786be76186e6d2e7b66f5f37e266b604/argbind-0.3.9.tar.gz
blinker,1.9.0,wheel,blinker-1.9.0-py3-none-any.whl,License :: OSI Approved :: MIT License,Classifier,,,License :: OSI Approved :: MIT License,0,same,1,blinker-1.9.0.dist-info/LICENSE.txt (1054 B),,permissive,,0,,8,8458,https://files.pythonhosted.org/packages/10/cb/f2ad4230dc2eb1a74edf38f1a38b9b52277f75bef262d8908e60d957e13c/blinker-1.9.0-py3-none-any.whl
certifi,2026.7.22,wheel,certifi-2026.7.22-py3-none-any.whl,MPL-2.0,License,,MPL-2.0,License :: OSI Approved :: Mozilla Public License 2.0 (MPL 2.0),1,same,1,certifi-2026.7.22.dist-info/licenses/LICENSE (989 B),,weak-copyleft (MPL-2.0),MPL-2.0 Exhibit A only (full MPL-2.0 body not shipped),0,,12,136983,https://files.pythonhosted.org/packages/0b/a7/71ac2cff56fec219ed242bb11b8efb69fcc4bec75db06fb7bfe35de520e6/certifi-2026.7.22-py3-none-any.whl
cffi,2.1.1,wheel,cffi-2.1.1-cp312-cp312-win_amd64.whl,MIT-0,License-Expression,MIT-0,,,1,same,1,cffi-2.1.1.dist-info/licenses/LICENSE (1123 B),,permissive (MIT-0 = MIT No Attribution),,1,_cffi_backend.cp312-win_amd64.pyd,31,185919,https://files.pythonhosted.org/packages/d9/79/615cc094e2fb508cade7de88d3b4f6c4ec2bab695c97bce9153dc65aadf5/cffi-2.1.1-cp312-cp312-win_amd64.whl
charset-normalizer,3.5.1,wheel,charset_normalizer-3.5.1-cp312-cp312-win_amd64.whl,MIT,License,,MIT,,1,same,1,charset_normalizer-3.5.1.dist-info/licenses/LICENSE (1092 B),,permissive,,2,charset_normalizer/cd.cp312-win_amd64.pyd; charset_normalizer/md.cp312-win_amd64.pyd,21,200551,https://files.pythonhosted.org/packages/9d/7a/4c6c298171e6b3e745633180ff59350fc0ca0db1ffd28df1e369e0579f71/charset_normalizer-3.5.1-cp312-cp312-win_amd64.whl
click,8.5.0,wheel,click-8.5.0-py3-none-any.whl,BSD-3-Clause,License-Expression,BSD-3-Clause,,,1,same,1,click-8.5.0.dist-info/licenses/LICENSE.txt (1475 B),,permissive,,0,,22,125251,https://files.pythonhosted.org/packages/58/50/6c0d534c5f134586a8e1ba4e330569e32f057e33372ae556463212fb4cd3/click-8.5.0-py3-none-any.whl
cloudpickle,3.1.2,wheel,cloudpickle-3.1.2-py3-none-any.whl,BSD-3-Clause,License,,BSD-3-Clause,License :: OSI Approved :: BSD License,1,same,1,cloudpickle-3.1.2.dist-info/licenses/LICENSE (1754 B),,permissive,,0,,7,22228,https://files.pythonhosted.org/packages/88/39/799be3f2f0f38cc727ee3b4f1445fe6d5e4133064ec2e4115069418a5bb6/cloudpickle-3.1.2-py3-none-any.whl
colorama,0.4.6,wheel,colorama-0.4.6-py2.py3-none-any.whl,License :: OSI Approved :: BSD License,Classifier,,,License :: OSI Approved :: BSD License,1,same,1,colorama-0.4.6.dist-info/licenses/LICENSE.txt (1491 B),,permissive,,0,,17,25335,https://files.pythonhosted.org/packages/d1/d6/3965ed04c63042e047cb6a3e6ed1a63a35087b6a609aa3a15ed8ac56c221/colorama-0.4.6-py2.py3-none-any.whl
dacvae,1.0.0+414c207,archive,dacvae-414c20785fc3a28373073ea8ef7a1316eeeaca6e.zip,Apache-2.0,(none),,,,0,NO-DECLARATION,1,dacvae-414c20785fc3a28373073ea8ef7a1316eeeaca6e/LICENSE (11358 B),,permissive (Apache-2.0) -- no declaration in the archive; ledger value only,LICENSE-OUTSIDE-package_dir (dropped by pure-python-src install),0,,18,31258,https://github.com/facebookresearch/dacvae/archive/414c20785fc3a28373073ea8ef7a1316eeeaca6e.zip
decorator,5.3.1,wheel,decorator-5.3.1-py3-none-any.whl,BSD-2-Clause,License,,BSD-2-Clause,,1,same,1,decorator-5.3.1.dist-info/licenses/LICENSE.txt (1308 B),,permissive,,0,,8,10365,https://files.pythonhosted.org/packages/05/7f/798705f5296a58ca505d600456748d1be48078eac8a7050d8a98bc9edb89/decorator-5.3.1-py3-none-any.whl
descript-audiotools,0.7.2,wheel,descript_audiotools-0.7.2-py2.py3-none-any.whl,MIT,License,,MIT,,0,same,0,,,permissive,NO-LICENSE-FILE-IN-ARCHIVE,0,,36,106704,https://files.pythonhosted.org/packages/68/b8/72a58cb3b241d869811be4f9328a37f1563dc9c48af8c0467cb681f9ed46/descript_audiotools-0.7.2-py2.py3-none-any.whl
docstring-parser,0.18.0,wheel,docstring_parser-0.18.0-py3-none-any.whl,MIT,License,,MIT,License :: OSI Approved :: MIT License,1,same,1,docstring_parser-0.18.0.dist-info/licenses/LICENSE.md (1084 B),,permissive,,0,,14,22484,https://files.pythonhosted.org/packages/a7/5f/ed01f9a3cdffbd5a008556fc7b2a08ddb1cc6ace7effa7340604b1d16699/docstring_parser-0.18.0-py3-none-any.whl
einops,0.8.2,wheel,einops-0.8.2-py3-none-any.whl,MIT,License,,MIT,License :: OSI Approved :: MIT License,1,same,1,einops-0.8.2.dist-info/licenses/LICENSE (1073 B),,permissive,,0,,31,65638,https://files.pythonhosted.org/packages/2a/09/f8d8f8f31e4483c10a906437b4ce31bdf3d6d417b73fe33f1a8b59e34228/einops-0.8.2-py3-none-any.whl
fastapi,0.141.1,wheel,fastapi-0.141.1-py3-none-any.whl,MIT,License-Expression,MIT,,,1,same,1,fastapi-0.141.1.dist-info/licenses/LICENSE (1086 B),,permissive,,0,,61,131954,https://files.pythonhosted.org/packages/cb/03/10388a42375ee7e4ac9b94eb2c5c569c8b5795e377e701c9ac3ad63de890/fastapi-0.141.1-py3-none-any.whl
ffmpy,1.0.0,wheel,ffmpy-1.0.0-py3-none-any.whl,MIT,License-Expression,MIT,,License :: OSI Approved :: MIT License,0,same,0,,,permissive,NO-LICENSE-FILE-IN-ARCHIVE,0,,6,5614,https://files.pythonhosted.org/packages/55/56/dd3669eccebb6d8ac81e624542ebd53fe6f08e1b8f2f8d50aeb7e3b83f99/ffmpy-1.0.0-py3-none-any.whl
filelock,3.32.5,wheel,filelock-3.32.5-py3-none-any.whl,MIT,License-Expression,MIT,,License :: OSI Approved :: MIT License,1,same,1,filelock-3.32.5.dist-info/licenses/LICENSE (1088 B),,permissive,,0,,26,100003,https://files.pythonhosted.org/packages/36/d2/b70a31e13d04456d28493f31d2aa087e99eeb2767ef0293b2625727ccb8c/filelock-3.32.5-py3-none-any.whl
fire,0.7.1,wheel,fire-0.7.1-py3-none-any.whl,Apache-2.0,License,,Apache-2.0,,1,same,1,fire-0.7.1.dist-info/licenses/LICENSE (573 B),,permissive,Apache boilerplate only (full Apache-2.0 body not shipped),0,,52,115945,https://files.pythonhosted.org/packages/e5/4c/93d0f85318da65923e4b91c1c2ff03d8a458cbefebe3bc612a6693c7906d/fire-0.7.1-py3-none-any.whl
flask,3.1.3,wheel,flask-3.1.3-py3-none-any.whl,BSD-3-Clause,License-Expression,BSD-3-Clause,,,1,same,1,flask-3.1.3.dist-info/licenses/LICENSE.txt (1475 B),,permissive,,0,,31,103424,https://files.pythonhosted.org/packages/7f/9c/34f6962f9b9e9c71f6e5ed806e0d0ff03c9d1b0b2340088a0cf4bce09b18/flask-3.1.3-py3-none-any.whl
flatten-dict,0.5.0,wheel,flatten_dict-0.5.0-py3-none-any.whl,MIT,License,,MIT,License :: OSI Approved :: MIT License,1,same,1,flatten_dict-0.5.0.dist-info/licenses/LICENSE (1064 B),,permissive,,0,,11,9869,https://files.pythonhosted.org/packages/72/9f/485516087cd8c44183aaf9ab850247a28e2e4a42a4d62eab77c21f673450/flatten_dict-0.5.0-py3-none-any.whl
fsspec,2026.7.0,wheel,fsspec-2026.7.0-py3-none-any.whl,BSD-3-Clause,License-Expression,BSD-3-Clause,,,1,same,1,fsspec-2026.7.0.dist-info/licenses/LICENSE (1513 B),,permissive,,0,,61,206583,https://files.pythonhosted.org/packages/fd/3c/6a2bf344106328fd04963664a60b9bb6496fc25df8e962fcdc1367285fb9/fsspec-2026.7.0-py3-none-any.whl
grpcio,1.83.1,wheel,grpcio-1.83.1-cp312-cp312-win_amd64.whl,Apache-2.0,License-Expression,Apache-2.0,,,1,same,1,grpcio-1.83.1.dist-info/licenses/LICENSE (30814 B),,permissive (Apache-2.0) + vendored roots.pem = weak-copyleft (MPL-2.0),,1,grpc/_cython/cygrpc.cp312-win_amd64.pyd,66,5161512,https://files.pythonhosted.org/packages/e9/37/8c2f7cc16089e36a3fbacaacc7a3d043912aa0d2dfae5556f6450414ea6e/grpcio-1.83.1-cp312-cp312-win_amd64.whl
h11,0.16.0,wheel,h11-0.16.0-py3-none-any.whl,MIT,License,,MIT,License :: OSI Approved :: MIT License,1,same,1,h11-0.16.0.dist-info/licenses/LICENSE.txt (1124 B),,permissive,,0,,17,37515,https://files.pythonhosted.org/packages/04/4b/29cac41a4d98d144bf5f6d33995617b185d14b22401f75ca86f384e87ff1/h11-0.16.0-py3-none-any.whl
hf-xet,1.6.0,wheel,hf_xet-1.6.0-cp38-abi3-win_amd64.whl,Apache-2.0,License-Expression,Apache-2.0,,License :: OSI Approved :: Apache Software License,1,same,1,hf_xet-1.6.0.dist-info/licenses/LICENSE (11558 B),,permissive,,1,hf_xet/hf_xet.pyd,7,4033128,https://files.pythonhosted.org/packages/98/b7/8c59a66d15205024662f1d66968136f13893f96df1ddc5087e2e281fc95f/hf_xet-1.6.0-cp38-abi3-win_amd64.whl
httpcore,1.0.9,wheel,httpcore-1.0.9-py3-none-any.whl,BSD-3-Clause,License-Expression,BSD-3-Clause,,License :: OSI Approved :: BSD License,1,same,1,httpcore-1.0.9.dist-info/licenses/LICENSE.md (1518 B),,permissive,,0,,36,78784,https://files.pythonhosted.org/packages/7e/f5/f66802a942d491edb555dd61e3a9961140fd64c90bce1eafd741609d334d/httpcore-1.0.9-py3-none-any.whl
httptools,0.8.0,wheel,httptools-0.8.0-cp312-cp312-win_amd64.whl,MIT,License-Expression,MIT,,,3,same,3,httptools-0.8.0.dist-info/licenses/LICENSE (1114 B); httptools-0.8.0.dist-info/licenses/vendor/http-parser/LICENSE-MIT (1096 B); httptools-0.8.0.dist-info/licenses/vendor/llhttp/LICENSE (1091 B),,permissive,,2,httptools/parser/parser.cp312-win_amd64.pyd; httptools/parser/url_parser.cp312-win_amd64.pyd,22,90918,https://files.pythonhosted.org/packages/05/0b/4240efeb672751ee5b9b380cb0e3fdc050bc05f68adc7a8aefc4fcd9a69a/httptools-0.8.0-cp312-cp312-win_amd64.whl
httpx,0.28.1,wheel,httpx-0.28.1-py3-none-any.whl,BSD-3-Clause,License,,BSD-3-Clause,License :: OSI Approved :: BSD License,0,same,1,httpx-0.28.1.dist-info/licenses/LICENSE.md (1508 B),,permissive,,0,,29,73517,https://files.pythonhosted.org/packages/2a/39/e50c7c3a983047577ee07d2a9e53faf5a69493943ec3f6a384bdc792deb2/httpx-0.28.1-py3-none-any.whl
huggingface-hub,1.30.0,wheel,huggingface_hub-1.30.0-py3-none-any.whl,Apache-2.0,License,,Apache-2.0,License :: OSI Approved :: Apache Software License,1,same,1,huggingface_hub-1.30.0.dist-info/licenses/LICENSE (11357 B),,permissive,,0,,192,796795,https://files.pythonhosted.org/packages/c3/0e/3e45bbe0dd48f4e56b1d46649d342de853cd1c7e815323472ab62687f153/huggingface_hub-1.30.0-py3-none-any.whl
idna,3.19,wheel,idna-3.19-py3-none-any.whl,BSD-3-Clause,License-Expression,BSD-3-Clause,,,1,same,1,idna-3.19.dist-info/licenses/LICENSE.md (1541 B),,permissive,,0,,16,68550,https://files.pythonhosted.org/packages/57/b0/0e52c878c53f245edd3a11020f20979b3f490f245af532c7cae3027754b5/idna-3.19-py3-none-any.whl
importlib-resources,7.1.0,wheel,importlib_resources-7.1.0-py3-none-any.whl,Apache-2.0,License-Expression,Apache-2.0,,,1,same,1,importlib_resources-7.1.0.dist-info/licenses/LICENSE (10278 B),,permissive,,0,,36,37232,https://files.pythonhosted.org/packages/8a/db/55a262f3606bebcae07cc14095338471ad7c0bbcaa37707e6f0ee49725b7/importlib_resources-7.1.0-py3-none-any.whl
itsdangerous,2.2.0,wheel,itsdangerous-2.2.0-py3-none-any.whl,License :: OSI Approved :: BSD License,Classifier,,,License :: OSI Approved :: BSD License,0,same,1,itsdangerous-2.2.0.dist-info/LICENSE.txt (1475 B),,permissive,,0,,13,16234,https://files.pythonhosted.org/packages/04/96/92447566d16df59b2a776c0fb82dbc4d9e07cd95062562af01e408583fc4/itsdangerous-2.2.0-py3-none-any.whl
jinja2,3.1.6,wheel,jinja2-3.1.6-py3-none-any.whl,License :: OSI Approved :: BSD License,Classifier,,,License :: OSI Approved :: BSD License,1,same,1,jinja2-3.1.6.dist-info/licenses/LICENSE.txt (1475 B),,permissive,,0,,31,134899,https://files.pythonhosted.org/packages/62/a1/3d680cbfd5f4b8f15abc1d571870c5fc3e594bb582bc3b64ea099db13e56/jinja2-3.1.6-py3-none-any.whl
joblib,1.6.0,wheel,joblib-1.6.0-py3-none-any.whl,BSD-3-Clause,License-Expression,BSD-3-Clause,,,1,same,1,joblib-1.6.0.dist-info/licenses/LICENSE.txt (1527 B),,permissive,,0,,141,306115,https://files.pythonhosted.org/packages/18/53/84099323c2ec4be98d935f63c033ac4151ee83836ca1050ede3b3aadf155/joblib-1.6.0-py3-none-any.whl
julius,0.2.8,wheel,julius-0.2.8-py3-none-any.whl,MIT License,License,,MIT License,License :: OSI Approved :: MIT License,1,same,1,julius-0.2.8.dist-info/licenses/LICENSE (1059 B),,permissive,,0,,13,21819,https://files.pythonhosted.org/packages/86/43/efdb0bcb07c47826fa55857cec0deb743f74cd83b6ba5ec9e413505a72e6/julius-0.2.8-py3-none-any.whl
lazy-loader,0.5,wheel,lazy_loader-0.5-py3-none-any.whl,BSD-3-Clause,License-Expression,BSD-3-Clause,,,1,same,1,lazy_loader-0.5.dist-info/licenses/LICENSE.md (1539 B),,permissive,,0,,6,8044,https://files.pythonhosted.org/packages/8a/a1/8d812e53a5da1687abb10445275d41a8b13adb781bbf7196ddbcf8d88505/lazy_loader-0.5-py3-none-any.whl
librosa,1.0.0,wheel,librosa-1.0.0-py3-none-any.whl,ISC,License,,ISC,License :: OSI Approved :: ISC License (ISCL),1,same,1,librosa-1.0.0.dist-info/licenses/LICENSE.md (766 B),,permissive,,0,,48,294628,https://files.pythonhosted.org/packages/96/14/0b2e4cc8017796dc8f69de740708601832c1e8d5377166eedb4db0a92264/librosa-1.0.0-py3-none-any.whl
llvmlite,0.49.0,wheel,llvmlite-0.49.0-cp312-cp312-win_amd64.whl,BSD-2-Clause AND Apache-2.0 WITH LLVM-exception,License-Expression,BSD-2-Clause AND Apache-2.0 WITH LLVM-exception,,,2,same,2,llvmlite-0.49.0.dist-info/licenses/LICENSE (1309 B); llvmlite-0.49.0.dist-info/licenses/LICENSE.thirdparty (12786 B),,permissive-with-exception (BSD-2-Clause AND Apache-2.0 WITH LLVM-exception),,2,llvmlite/binding/llvmlite.dll; llvmlite.libs/msvcp140-8f141b4454fa78db34bc1f28c571b4da.dll,47,41865543,https://files.pythonhosted.org/packages/84/49/2a44871cac6b5a2fd4aabd68cfdaf6de9a5c7edb36dee5d47b77bda4b50f/llvmlite-0.49.0-cp312-cp312-win_amd64.whl
markdown,3.10.3,wheel,markdown-3.10.3-py3-none-any.whl,BSD-3-Clause,License-Expression,BSD-3-Clause,,,1,same,1,markdown-3.10.3.dist-info/licenses/LICENSE.md (1650 B),,permissive,,0,,39,110757,https://files.pythonhosted.org/packages/64/69/4a5af2bc115a9a33fefe51709749de8262be3f9ba063d1753a837cdbc49c/markdown-3.10.3-py3-none-any.whl
markdown-it-py,4.2.0,wheel,markdown_it_py-4.2.0-py3-none-any.whl,License :: OSI Approved :: MIT License,Classifier,,,License :: OSI Approved :: MIT License,2,same,2,markdown_it_py-4.2.0.dist-info/licenses/LICENSE (1078 B); markdown_it_py-4.2.0.dist-info/licenses/LICENSE.markdown-it (1073 B),,permissive,,0,,74,91687,https://files.pythonhosted.org/packages/b3/81/4da04ced5a082363ecfa159c010d200ecbd959ae410c10c0264a38cac0f5/markdown_it_py-4.2.0-py3-none-any.whl
markdown2,2.5.5,wheel,markdown2-2.5.5-py3-none-any.whl,MIT,License,,MIT,,1,same,1,markdown2-2.5.5.dist-info/LICENSE.txt (2313 B),,permissive,,0,,8,56250,https://files.pythonhosted.org/packages/43/af/4b3891eb0a49d6cfd5cbf3e9bf514c943afc2b0f13e2c57cc57cd88ecc21/markdown2-2.5.5-py3-none-any.whl
markupsafe,3.0.3,wheel,markupsafe-3.0.3-cp312-cp312-win_amd64.whl,BSD-3-Clause,License-Expression,BSD-3-Clause,,,1,same,1,markupsafe-3.0.3.dist-info/licenses/LICENSE.txt (1503 B),,permissive,,1,markupsafe/_speedups.cp312-win_amd64.pyd,11,15105,https://files.pythonhosted.org/packages/aa/5b/bec5aa9bbbb2c946ca2733ef9c4ca91c91b6a24580193e891b5f7dbe8e1e/markupsafe-3.0.3-cp312-cp312-win_amd64.whl
mdurl,0.1.2,wheel,mdurl-0.1.2-py3-none-any.whl,License :: OSI Approved :: MIT License,Classifier,,,License :: OSI Approved :: MIT License,0,same,1,mdurl-0.1.2.dist-info/LICENSE (2338 B),,permissive,,0,,11,9979,https://files.pythonhosted.org/packages/b3/38/89ba8ad64ae25be8de66a6d463314cf1eb366222074cfda9ee839c56a4b4/mdurl-0.1.2-py3-none-any.whl
mpmath,1.3.0,wheel,mpmath-1.3.0-py3-none-any.whl,BSD,License,,BSD,License :: OSI Approved :: BSD License,1,same,1,mpmath-1.3.0.dist-info/LICENSE (1537 B),,permissive,,0,,92,536198,https://files.pythonhosted.org/packages/43/e3/7d92a15f894aa0c9c4b49b8ee9ac9850d6e63b03c9c32c0367a13ae62209/mpmath-1.3.0-py3-none-any.whl
msgpack,1.2.2,wheel,msgpack-1.2.2-cp312-cp312-win_amd64.whl,Apache-2.0,License-Expression,Apache-2.0,,,1,same,1,msgpack-1.2.2.dist-info/licenses/COPYING (628 B),,permissive,Apache boilerplate only (full Apache-2.0 body not shipped),1,msgpack/_cmsgpack.cp312-win_amd64.pyd,10,72275,https://files.pythonhosted.org/packages/85/98/a33b8b4af14e3476bb0da1b8c36ef7a0f28dcf95db1c5e68ff88cb89d591/msgpack-1.2.2-cp312-cp312-win_amd64.whl
narwhals,2.25.0,wheel,narwhals-2.25.0-py3-none-any.whl,MIT,License-Expression,MIT,,,1,same,1,narwhals-2.25.0.dist-info/licenses/LICENSE.md (1082 B),,permissive,,0,,167,467373,https://files.pythonhosted.org/packages/eb/dc/55481808fd70ef1567cf13540ffd4702af3f74b112e35427564b03f79c2d/narwhals-2.25.0-py3-none-any.whl
networkx,3.6.1,wheel,networkx-3.6.1-py3-none-any.whl,BSD-3-Clause,License-Expression,BSD-3-Clause,,,1,same,1,networkx-3.6.1.dist-info/licenses/LICENSE.txt (1763 B),,permissive,,0,,601,2068504,https://files.pythonhosted.org/packages/9e/c9/b2622292ea83fbb4ec318f5b9ab867d0a28ab43c5717bb85b0a5f6b3b0a4/networkx-3.6.1-py3-none-any.whl
numba,0.67.0,wheel,numba-0.67.0-cp312-cp312-win_amd64.whl,BSD,License,,BSD,License :: OSI Approved :: BSD License,2,same,2,numba-0.67.0.dist-info/licenses/LICENSE (1310 B); numba-0.67.0.dist-info/licenses/LICENSES.third-party (26891 B),,permissive,,14,numba/_devicearray.cp312-win_amd64.pyd; numba/_dispatcher.cp312-win_amd64.pyd; numba/_dynfunc.cp312-win_amd64.pyd; numba/_helperlib.cp312-win_amd64.pyd; numba/mviewbuf.cp312-win_amd64.pyd; numba/core/runtime/_nrt_python.cp312-win_amd64.pyd; numba/core/typeconv/_typeconv.cp312-win_amd64.pyd; numba/cuda/cudadrv/_extras.cp312-win_amd64.pyd; numba/experimental/jitclass/_box.cp312-win_amd64.pyd; numba/np/ufunc/_internal.cp312-win_amd64.pyd; numba/np/ufunc/_num_threads.cp312-win_amd64.pyd; numba/np/ufunc/omppool.cp312-win_amd64.pyd; numba/np/ufunc/tbbpool.cp312-win_amd64.pyd; numba/np/ufunc/workqueue.cp312-win_amd64.pyd,816,2815645,https://files.pythonhosted.org/packages/6e/63/ab21828b4056afed71f9ecb40f4de26c2c19de731cc001961aca74b79464/numba-0.67.0-cp312-cp312-win_amd64.whl
numpy,2.5.2,wheel,numpy-2.5.2-cp312-cp312-win_amd64.whl,BSD-3-Clause AND 0BSD AND MIT AND Zlib AND CC0-1.0,License-Expression,BSD-3-Clause AND 0BSD AND MIT AND Zlib AND CC0-1.0,,,17,same,20,numpy/ma/LICENSE (1616 B); numpy/random/LICENSE.md (3582 B); numpy/_core/include/numpy/random/LICENSE.txt (1039 B); numpy-2.5.2.dist-info/licenses/LICENSE.txt (45831 B); numpy-2.5.2.dist-info/licenses/numpy/fft/pocketfft/LICENSE.md (1523 B); numpy-2.5.2.dist-info/licenses/numpy/linalg/lapack_lite/LICENSE.txt (2314 B); numpy-2.5.2.dist-info/licenses/numpy/ma/LICENSE (1616 B); numpy-2.5.2.dist-info/licenses/numpy/random/LICENSE.md (3582 B); numpy-2.5.2.dist-info/licenses/numpy/random/src/distributions/LICENSE.md (2805 B); numpy-2.5.2.dist-info/licenses/numpy/random/src/mt19937/LICENSE.md (2986 B); numpy-2.5.2.dist-info/licenses/numpy/random/src/pcg64/LICENSE.md (1176 B); numpy-2.5.2.dist-info/licenses/numpy/random/src/philox/LICENSE.md (1540 B); numpy-2.5.2.dist-info/licenses/numpy/random/src/sfc64/LICENSE.md (1253 B); numpy-2.5.2.dist-info/licenses/numpy/random/src/splitmix64/LICENSE.md (340 B); numpy-2.5.2.dist-info/licenses/numpy/_core/include/numpy/libdivide/LICENSE.txt (1039 B); numpy-2.5.2.dist-info/licenses/numpy/_core/src/common/pythoncapi-compat/COPYING (704 B); numpy-2.5.2.dist-info/licenses/numpy/_core/src/highway/LICENSE (21155 B); numpy-2.5.2.dist-info/licenses/numpy/_core/src/multiarray/dragon4_LICENSE.txt (1441 B); numpy-2.5.2.dist-info/licenses/numpy/_core/src/npysort/x86-simd-sort/LICENSE.md (1542 B); numpy-2.5.2.dist-info/licenses/numpy/_core/src/umath/svml/LICENSE (1573 B),,permissive (BSD-3/0BSD/MIT/Zlib/CC0) + bundled libscipy_openblas*.dll contains libgfortran = GPL-3.0-or-later WITH GCC-exception-3.1,,21,numpy/fft/_pocketfft_umath.cp312-win_amd64.pyd; numpy/linalg/lapack_lite.cp312-win_amd64.pyd; numpy/linalg/_umath_linalg.cp312-win_amd64.pyd; numpy/random/bit_generator.cp312-win_amd64.pyd; numpy/random/mtrand.cp312-win_amd64.pyd; numpy/random/_bounded_integers.cp312-win_amd64.pyd; numpy/random/_common.cp312-win_amd64.pyd; numpy/random/_generator.cp312-win_amd64.pyd; numpy/random/_mt19937.cp312-win_amd64.pyd; numpy/random/_pcg64.cp312-win_amd64.pyd; numpy/random/_philox.cp312-win_amd64.pyd; numpy/random/_sfc64.cp312-win_amd64.pyd; numpy/_core/_multiarray_tests.cp312-win_amd64.pyd; numpy/_core/_multiarray_umath.cp312-win_amd64.pyd; numpy/_core/_operand_flag_tests.cp312-win_amd64.pyd; numpy/_core/_rational_tests.cp312-win_amd64.pyd; numpy/_core/_simd.cp312-win_amd64.pyd; numpy/_core/_struct_ufunc_tests.cp312-win_amd64.pyd; numpy/_core/_umath_tests.cp312-win_amd64.pyd; numpy.libs/libscipy_openblas64_-327b2e0bcffce2882e0dc04cdeb4eaa6.dll; numpy.libs/msvcp140-a4c2229bdc2a2a630acdc095b4d86008.dll,945,12464674,https://files.pythonhosted.org/packages/7f/b9/87fea2769fe1c47c1b5b01d8310772c9d1a85d485de7cf386ef7a3332b02/numpy-2.5.2-cp312-cp312-win_amd64.whl
packaging,26.3,wheel,packaging-26.3-py3-none-any.whl,Apache-2.0 OR BSD-2-Clause,License-Expression,Apache-2.0 OR BSD-2-Clause,,,3,same,5,packaging/licenses/__init__.py (7859 B); packaging/licenses/_spdx.py (51122 B); packaging-26.3.dist-info/licenses/LICENSE (197 B); packaging-26.3.dist-info/licenses/LICENSE.APACHE (10174 B); packaging-26.3.dist-info/licenses/LICENSE.BSD (1344 B),,"permissive (Apache-2.0 OR BSD-2-Clause; dual, either may be chosen)",,0,,29,129956,https://files.pythonhosted.org/packages/63/34/ba1c580383c9eada3711951fef0795c80b829a078d72188184bcab9dd527/packaging-26.3-py3-none-any.whl
pillow,12.3.0,wheel,pillow-12.3.0-cp312-cp312-win_amd64.whl,MIT-CMU,License-Expression,MIT-CMU,,,1,same,1,pillow-12.3.0.dist-info/licenses/LICENSE (78016 B),,"permissive (MIT-CMU) + bundled FreeType = FTL or GPLv2 (dual, must choose) / xz(liblzma) 0BSD",,8,PIL/_avif.cp312-win_amd64.pyd; PIL/_imaging.cp312-win_amd64.pyd; PIL/_imagingcms.cp312-win_amd64.pyd; PIL/_imagingft.cp312-win_amd64.pyd; PIL/_imagingmath.cp312-win_amd64.pyd; PIL/_imagingmorph.cp312-win_amd64.pyd; PIL/_imagingtk.cp312-win_amd64.pyd; PIL/_webp.cp312-win_amd64.pyd,121,7227137,https://files.pythonhosted.org/packages/45/89/da2f7971a317f83d807fdd4065c0af40208e59e692cc43d315a71a0e96d1/pillow-12.3.0-cp312-cp312-win_amd64.whl
platformdirs,4.11.7,wheel,platformdirs-4.11.7-py3-none-any.whl,MIT,License-Expression,MIT,,License :: OSI Approved :: MIT License,1,same,1,platformdirs-4.11.7.dist-info/licenses/LICENSE (1089 B),,permissive,,0,,14,23938,https://files.pythonhosted.org/packages/27/6e/80993e10a0482f630cef528635789233224f36b1ffd11592aa15d13ff9ce/platformdirs-4.11.7-py3-none-any.whl
pooch,1.9.0,wheel,pooch-1.9.0-py3-none-any.whl,BSD-3-Clause,License-Expression,BSD-3-Clause,,,2,same,2,pooch-1.9.0.dist-info/licenses/AUTHORS.md (3225 B); pooch-1.9.0.dist-info/licenses/LICENSE.txt (1496 B),,permissive,,0,,39,67175,https://files.pythonhosted.org/packages/2a/2d/d4bf65e47cea8ff2c794a600c4fd1273a7902f268757c531e0ee9f18aa58/pooch-1.9.0-py3-none-any.whl
protobuf,7.36.1,wheel,protobuf-7.36.1-cp310-abi3-win_amd64.whl,3-Clause BSD License,License,,3-Clause BSD License,,0,same,1,protobuf-7.36.1.dist-info/LICENSE (1732 B),,permissive,,1,google/_upb/_message.pyd,63,456518,https://files.pythonhosted.org/packages/db/37/155788a0d8daded960375af604202805308169f9b859419ea0aa370946e2/protobuf-7.36.1-cp310-abi3-win_amd64.whl
pyaml,26.7.0,wheel,pyaml-26.7.0-py3-none-any.whl,WTFPL,License,,WTFPL,License :: Public Domain,1,same,1,pyaml-26.7.0.dist-info/licenses/COPYING (491 B),,permissive-ish (WTFPL; Classifier: License :: Public Domain),,0,,12,27226,https://files.pythonhosted.org/packages/a6/26/3f05f9e3692853dff663913d5d62fb8df3f5640c8d70b06588c0b51ed953/pyaml-26.7.0-py3-none-any.whl
pycparser,3.0,wheel,pycparser-3.0-py3-none-any.whl,BSD-3-Clause,License-Expression,BSD-3-Clause,,,1,same,1,pycparser-3.0.dist-info/licenses/LICENSE (1543 B),,permissive,,0,,13,48172,https://files.pythonhosted.org/packages/0c/c3/44f3fbbfa403ea2a7c779186dc20772604442dde72947e7d01069cbe98e3/pycparser-3.0-py3-none-any.whl
pydantic,2.13.5,wheel,pydantic-2.13.5-py3-none-any.whl,MIT,License-Expression,MIT,,,1,same,1,pydantic-2.13.5.dist-info/licenses/LICENSE (1129 B),,permissive,,0,,111,472589,https://files.pythonhosted.org/packages/eb/47/c95ffc2009878c7aac0c5e08528022dcb885933252a88b5f170058014464/pydantic-2.13.5-py3-none-any.whl
pydantic-core,2.46.5,wheel,pydantic_core-2.46.5-cp312-cp312-win_amd64.whl,MIT,License-Expression,MIT,,,1,same,1,pydantic_core-2.46.5.dist-info/licenses/LICENSE (1101 B),,permissive,,1,pydantic_core/_pydantic_core.cp312-win_amd64.pyd,10,2043140,https://files.pythonhosted.org/packages/cf/c9/4c19f41b84cf6b622a72fbeed7665b25d47a187d68d47d0d430c07f23268/pydantic_core-2.46.5-cp312-cp312-win_amd64.whl
pydantic-settings,2.15.0,wheel,pydantic_settings-2.15.0-py3-none-any.whl,MIT,License-Expression,MIT,,License :: OSI Approved :: MIT License,1,same,1,pydantic_settings-2.15.0.dist-info/licenses/LICENSE (1103 B),,permissive,,0,,27,69413,https://files.pythonhosted.org/packages/30/a4/2bffa9f8e804325a09867f0e9d30795c80ea9f8d62560bd1b6ad6220eb2f/pydantic_settings-2.15.0-py3-none-any.whl
pydub,0.25.1,wheel,pydub-0.25.1-py2.py3-none-any.whl,MIT,License,,MIT,License :: OSI Approved :: MIT License,0,same,2,pydub-0.25.1.dist-info/AUTHORS (1250 B); pydub-0.25.1.dist-info/LICENSE (1074 B),,permissive,,0,,17,32327,https://files.pythonhosted.org/packages/a6/53/d78dc063216e62fc55f6b2eebb447f6a4b0a59f55c8406376f76bf959b08/pydub-0.25.1-py2.py3-none-any.whl
pygments,2.21.0,wheel,pygments-2.21.0-py3-none-any.whl,BSD-2-Clause,License-Expression,BSD-2-Clause,,,2,same,2,pygments-2.21.0.dist-info/licenses/AUTHORS (11048 B); pygments-2.21.0.dist-info/licenses/LICENSE (1331 B),,permissive,,0,,349,1250147,https://files.pythonhosted.org/packages/71/46/17f022dd3e953bf20a04a028a21ec746d942f8d2af30fa0f124fa0e6a684/pygments-2.21.0-py3-none-any.whl
pyloudnorm,0.2.0,wheel,pyloudnorm-0.2.0-py3-none-any.whl,MIT,License-Expression,MIT,,,1,same,1,pyloudnorm-0.2.0.dist-info/licenses/LICENSE (1076 B),,permissive,,0,,10,10879,https://files.pythonhosted.org/packages/aa/b6/65a49a05614b2548edbba3aab118f2ebe7441dfd778accdcdce9f6567f20/pyloudnorm-0.2.0-py3-none-any.whl
pystoi,0.4.1,wheel,pystoi-0.4.1-py2.py3-none-any.whl,MIT,License,,MIT,License :: OSI Approved :: MIT License,1,same,1,pystoi-0.4.1.dist-info/LICENSE (1072 B),,permissive,,0,,8,8218,https://files.pythonhosted.org/packages/1a/22/60cd92bd3ec00948800984410f4cf5ded5bd8e9b715729f3642efe0edb3d/pystoi-0.4.1-py2.py3-none-any.whl
python-dotenv,1.2.3,wheel,python_dotenv-1.2.3-py3-none-any.whl,BSD-3-Clause,License,,BSD-3-Clause,,1,same,1,python_dotenv-1.2.3.dist-info/licenses/LICENSE (1556 B),,permissive,,0,,15,22780,https://files.pythonhosted.org/packages/0d/17/c5c6b53ddc18f297992099b3d9ec16c855c0ccc83263a21fe4d1c625ec6c/python_dotenv-1.2.3-py3-none-any.whl
python-multipart,0.0.32,wheel,python_multipart-0.0.32-py3-none-any.whl,Apache-2.0,License-Expression,Apache-2.0,,License :: OSI Approved :: Apache Software License,1,same,1,python_multipart-0.0.32.dist-info/licenses/LICENSE.txt (11358 B),,permissive,,0,,13,30042,https://files.pythonhosted.org/packages/e1/04/e8135ebd1ad02c56ec633277529b2602ff99ff634be76cdba5744cf554fd/python_multipart-0.0.32-py3-none-any.whl
pyyaml,6.0.3,wheel,pyyaml-6.0.3-cp312-cp312-win_amd64.whl,MIT,License,,MIT,License :: OSI Approved :: MIT License,1,same,1,pyyaml-6.0.3.dist-info/licenses/LICENSE (1101 B),,permissive,,1,yaml/_yaml.cp312-win_amd64.pyd,24,154003,https://files.pythonhosted.org/packages/86/bf/899e81e4cce32febab4fb42bb97dcdf66bc135272882d1987881a4b519e9/pyyaml-6.0.3-cp312-cp312-win_amd64.whl
randomname,0.2.1,sdist,randomname-0.2.1.tar.gz,MIT License,License,,MIT License,,0,same,1,randomname-0.2.1/LICENSE (1067 B),,permissive,LICENSE-OUTSIDE-package_dir (dropped by pure-python-src install),0,,175,64242,https://files.pythonhosted.org/packages/e8/c2/525e9e9b458c3ca493d9bd0871f3ed9b51446d26fe82d462494de188f848/randomname-0.2.1.tar.gz
regex,2026.9.3,wheel,regex-2026.9.3-cp312-cp312-win_amd64.whl,Apache-2.0 AND CNRI-Python,License-Expression,Apache-2.0 AND CNRI-Python,,,1,same,1,regex-2026.9.3.dist-info/licenses/LICENSE.txt (11792 B),,permissive (Apache-2.0 AND CNRI-Python),CNRI-Python body not shipped (only Apache-2.0 body + 3-line header),1,regex/_regex.cp312-win_amd64.pyd,10,277773,https://files.pythonhosted.org/packages/d5/49/4c40cf722d84d60e807a08ef4c3f579216bf97df60c4a1b10be49655d302/regex-2026.9.3-cp312-cp312-win_amd64.whl
requests,2.34.2,wheel,requests-2.34.2-py3-none-any.whl,Apache-2.0,License,,Apache-2.0,License :: OSI Approved :: Apache Software License,2,same,1,requests-2.34.2.dist-info/licenses/LICENSE (10142 B),requests-2.34.2.dist-info/licenses/NOTICE (38 B),permissive,,0,,26,73075,https://files.pythonhosted.org/packages/a0/f4/c67b0b3f1b9245e8d266f0f112c500d50e5b4e83cb6f3b71b6528104182a/requests-2.34.2-py3-none-any.whl
rich,15.0.0,wheel,rich-15.0.0-py3-none-any.whl,MIT,License,,MIT,License :: OSI Approved :: MIT License,1,same,1,rich-15.0.0.dist-info/licenses/LICENSE (1056 B),,permissive,,0,,105,310654,https://files.pythonhosted.org/packages/82/3b/64d4899d73f91ba49a8c18a8ff3f0ea8f1c1d75481760df8c68ef5235bf5/rich-15.0.0-py3-none-any.whl
safetensors,0.8.0,wheel,safetensors-0.8.0-cp310-abi3-win_amd64.whl,License :: OSI Approved :: Apache Software License,Classifier,,,License :: OSI Approved :: Apache Software License,1,same,1,safetensors-0.8.0.dist-info/licenses/LICENSE (11558 B),,permissive,,1,safetensors/_safetensors_rust.pyd,15,355540,https://files.pythonhosted.org/packages/1b/6d/3fba214c1e5e0f69991677ec3bc17023f0421776975e1de0c682dca475e2/safetensors-0.8.0-cp310-abi3-win_amd64.whl
scikit-learn,1.9.0,wheel,scikit_learn-1.9.0-cp312-cp312-win_amd64.whl,BSD-3-Clause,License-Expression,BSD-3-Clause,,,1,same,4,scikit_learn-1.9.0.dist-info/licenses/COPYING (2629 B); sklearn/externals/array_api_compat/LICENSE (1118 B); sklearn/externals/array_api_extra/LICENSE (1118 B); sklearn/svm/src/liblinear/COPYRIGHT (1517 B),,permissive,,71,sklearn/_cyutility.cp312-win_amd64.pyd; sklearn/_isotonic.cp312-win_amd64.pyd; sklearn/.libs/msvcp140.dll; sklearn/.libs/vcomp140.dll; sklearn/__check_build/_check_build.cp312-win_amd64.pyd; sklearn/_loss/_loss.cp312-win_amd64.pyd; sklearn/cluster/_dbscan_inner.cp312-win_amd64.pyd; sklearn/cluster/_hierarchical_fast.cp312-win_amd64.pyd; sklearn/cluster/_k_means_common.cp312-win_amd64.pyd; sklearn/cluster/_k_means_elkan.cp312-win_amd64.pyd; sklearn/cluster/_k_means_lloyd.cp312-win_amd64.pyd; sklearn/cluster/_k_means_minibatch.cp312-win_amd64.pyd; sklearn/cluster/_hdbscan/_linkage.cp312-win_amd64.pyd; sklearn/cluster/_hdbscan/_reachability.cp312-win_amd64.pyd; sklearn/cluster/_hdbscan/_tree.cp312-win_amd64.pyd; sklearn/datasets/_svmlight_format_fast.cp312-win_amd64.pyd; sklearn/decomposition/_cdnmf_fast.cp312-win_amd64.pyd; sklearn/decomposition/_online_lda_fast.cp312-win_amd64.pyd; sklearn/ensemble/_gradient_boosting.cp312-win_amd64.pyd; sklearn/ensemble/_hist_gradient_boosting/_binning.cp312-win_amd64.pyd; sklearn/ensemble/_hist_gradient_boosting/_gradient_boosting.cp312-win_amd64.pyd; sklearn/ensemble/_hist_gradient_boosting/_predictor.cp312-win_amd64.pyd; sklearn/ensemble/_hist_gradient_boosting/common.cp312-win_amd64.pyd; sklearn/ensemble/_hist_gradient_boosting/histogram.cp312-win_amd64.pyd; sklearn/ensemble/_hist_gradient_boosting/splitting.cp312-win_amd64.pyd; sklearn/feature_extraction/_hashing_fast.cp312-win_amd64.pyd; sklearn/linear_model/_cd_fast.cp312-win_amd64.pyd; sklearn/linear_model/_sag_fast.cp312-win_amd64.pyd; sklearn/linear_model/_sgd_fast.cp312-win_amd64.pyd; sklearn/manifold/_barnes_hut_tsne.cp312-win_amd64.pyd; sklearn/manifold/_utils.cp312-win_amd64.pyd; sklearn/metrics/_dist_metrics.cp312-win_amd64.pyd; sklearn/metrics/_pairwise_fast.cp312-win_amd64.pyd; sklearn/metrics/_pairwise_distances_reduction/_argkmin.cp312-win_amd64.pyd; sklearn/metrics/_pairwise_distances_reduction/_argkmin_classmode.cp312-win_amd64.pyd; sklearn/metrics/_pairwise_distances_reduction/_base.cp312-win_amd64.pyd; sklearn/metrics/_pairwise_distances_reduction/_datasets_pair.cp312-win_amd64.pyd; sklearn/metrics/_pairwise_distances_reduction/_middle_term_computer.cp312-win_amd64.pyd; sklearn/metrics/_pairwise_distances_reduction/_radius_neighbors.cp312-win_amd64.pyd; sklearn/metrics/_pairwise_distances_reduction/_radius_neighbors_classmode.cp312-win_amd64.pyd; sklearn/metrics/cluster/_expected_mutual_info_fast.cp312-win_amd64.pyd; sklearn/neighbors/_ball_tree.cp312-win_amd64.pyd; sklearn/neighbors/_kd_tree.cp312-win_amd64.pyd; sklearn/neighbors/_partition_nodes.cp312-win_amd64.pyd; sklearn/neighbors/_quad_tree.cp312-win_amd64.pyd; sklearn/preprocessing/_csr_polynomial_expansion.cp312-win_amd64.pyd; sklearn/preprocessing/_target_encoder_fast.cp312-win_amd64.pyd; sklearn/svm/_liblinear.cp312-win_amd64.pyd; sklearn/svm/_libsvm.cp312-win_amd64.pyd; sklearn/svm/_libsvm_sparse.cp312-win_amd64.pyd; sklearn/svm/_newrand.cp312-win_amd64.pyd; sklearn/tree/_criterion.cp312-win_amd64.pyd; sklearn/tree/_partitioner.cp312-win_amd64.pyd; sklearn/tree/_splitter.cp312-win_amd64.pyd; sklearn/tree/_tree.cp312-win_amd64.pyd; sklearn/tree/_utils.cp312-win_amd64.pyd; sklearn/utils/_bitset.cp312-win_amd64.pyd; sklearn/utils/_cython_blas.cp312-win_amd64.pyd; sklearn/utils/_fast_dict.cp312-win_amd64.pyd; sklearn/utils/_heap.cp312-win_amd64.pyd; sklearn/utils/_isfinite.cp312-win_amd64.pyd; sklearn/utils/_openmp_helpers.cp312-win_amd64.pyd; sklearn/utils/_random.cp312-win_amd64.pyd; sklearn/utils/_seq_dataset.cp312-win_amd64.pyd; sklearn/utils/_sorting.cp312-win_amd64.pyd; sklearn/utils/_typedefs.cp312-win_amd64.pyd; sklearn/utils/_vector_sentinel.cp312-win_amd64.pyd; sklearn/utils/_weight_vector.cp312-win_amd64.pyd; sklearn/utils/arrayfuncs.cp312-win_amd64.pyd; sklearn/utils/murmurhash.cp312-win_amd64.pyd; sklearn/utils/sparsefuncs_fast.cp312-win_amd64.pyd,1059,8211173,https://files.pythonhosted.org/packages/83/a4/c8e67227c680e2259c8864ae72ff48b06e16a6f51253a22167aa02a8aa4e/scikit_learn-1.9.0-cp312-cp312-win_amd64.whl
scipy,1.18.1,wheel,scipy-1.18.1-cp312-cp312-win_amd64.whl,License :: OSI Approved :: BSD License,License,,"Copyright (c) 2001-2002 Enthought, Inc. 2003, SciPy Developers. All rights reserved.",,0,DIFFERS,5,scipy/fft/_duccfft/LICENSE.md (1523 B); scipy/integrate/LICENSE_DOP (3648 B); scipy/spatial/qhull_src/COPYING_QHULL.txt (1759 B); scipy/_lib/_uarray/LICENSE (1543 B); scipy-1.18.1.dist-info/LICENSE.txt (45881 B),,permissive (BSD-3) + bundled libscipy_openblas*.dll contains libgfortran = GPL-3.0-or-later WITH GCC-exception-3.1,,107,scipy/_cyutility.cp312-win_amd64.pyd; scipy/cluster/hierarchy/_hierarchy.cp312-win_amd64.pyd; scipy/cluster/hierarchy/_optimal_leaf_ordering.cp312-win_amd64.pyd; scipy/cluster/vq/_vq.cp312-win_amd64.pyd; scipy/fft/_duccfft/pyduccfft.cp312-win_amd64.pyd; scipy/fftpack/convolve.cp312-win_amd64.pyd; scipy/integrate/_dop.cp312-win_amd64.pyd; scipy/integrate/_odepack.cp312-win_amd64.pyd; scipy/integrate/_quadpack.cp312-win_amd64.pyd; scipy/integrate/_test_multivariate.cp312-win_amd64.pyd; scipy/integrate/_vode.cp312-win_amd64.pyd; scipy/interpolate/_dierckx.cp312-win_amd64.pyd; scipy/interpolate/_fitpack.cp312-win_amd64.pyd; scipy/interpolate/_interpnd.cp312-win_amd64.pyd; scipy/interpolate/_ppoly.cp312-win_amd64.pyd; scipy/interpolate/_rbfinterp_pythran.cp312-win_amd64.pyd; scipy/interpolate/_rgi_cython.cp312-win_amd64.pyd; scipy/io/matlab/_mio5_utils.cp312-win_amd64.pyd; scipy/io/matlab/_mio_utils.cp312-win_amd64.pyd; scipy/io/matlab/_streams.cp312-win_amd64.pyd; scipy/io/_fast_matrix_market/_fmm_core.cp312-win_amd64.pyd; scipy/linalg/cython_blas.cp312-win_amd64.pyd; scipy/linalg/cython_lapack.cp312-win_amd64.pyd; scipy/linalg/_batched_linalg.cp312-win_amd64.pyd; scipy/linalg/_cythonized_array_utils.cp312-win_amd64.pyd; scipy/linalg/_decomp_interpolative.cp312-win_amd64.pyd; scipy/linalg/_decomp_update.cp312-win_amd64.pyd; scipy/linalg/_fblas.cp312-win_amd64.pyd; scipy/linalg/_flapack.cp312-win_amd64.pyd; scipy/linalg/_internal_matfuncs.cp312-win_amd64.pyd; scipy/linalg/_linalg_pythran.cp312-win_amd64.pyd; scipy/linalg/_matfuncs_sqrtm_triu.cp312-win_amd64.pyd; scipy/linalg/_solve_toeplitz.cp312-win_amd64.pyd; scipy/ndimage/_ctest.cp312-win_amd64.pyd; scipy/ndimage/_cytest.cp312-win_amd64.pyd; scipy/ndimage/_nd_image.cp312-win_amd64.pyd; scipy/ndimage/_ni_label.cp312-win_amd64.pyd; scipy/ndimage/_rank_filter_1d.cp312-win_amd64.pyd; scipy/odr/__odrpack.cp312-win_amd64.pyd; scipy/optimize/_bglu_dense.cp312-win_amd64.pyd; scipy/optimize/_direct.cp312-win_amd64.pyd; scipy/optimize/_group_columns.cp312-win_amd64.pyd; scipy/optimize/_lbfgsb.cp312-win_amd64.pyd; scipy/optimize/_lsap.cp312-win_amd64.pyd; scipy/optimize/_minpack.cp312-win_amd64.pyd; scipy/optimize/_moduleTNC.cp312-win_amd64.pyd; scipy/optimize/_pava_pybind.cp312-win_amd64.pyd; scipy/optimize/_slsqplib.cp312-win_amd64.pyd; scipy/optimize/_zeros.cp312-win_amd64.pyd; scipy/optimize/cython_optimize/_zeros.cp312-win_amd64.pyd; scipy/optimize/_highspy/_core.cp312-win_amd64.pyd; scipy/optimize/_highspy/_highs_options.cp312-win_amd64.pyd; scipy/optimize/_lsq/givens_elimination.cp312-win_amd64.pyd; scipy/optimize/_trlib/_trlib.cp312-win_amd64.pyd; scipy/signal/_max_len_seq_inner.cp312-win_amd64.pyd; scipy/signal/_peak_finding_utils.cp312-win_amd64.pyd; scipy/signal/_sigtools.cp312-win_amd64.pyd; scipy/signal/_sosfilt.cp312-win_amd64.pyd; scipy/signal/_spline.cp312-win_amd64.pyd; scipy/signal/_upfirdn_apply.cp312-win_amd64.pyd; scipy/sparse/_csparsetools.cp312-win_amd64.pyd; scipy/sparse/_sparsetools.cp312-win_amd64.pyd; scipy/sparse/csgraph/_flow.cp312-win_amd64.pyd; scipy/sparse/csgraph/_matching.cp312-win_amd64.pyd; scipy/sparse/csgraph/_min_spanning_tree.cp312-win_amd64.pyd; scipy/sparse/csgraph/_reordering.cp312-win_amd64.pyd; scipy/sparse/csgraph/_shortest_path.cp312-win_amd64.pyd; scipy/sparse/csgraph/_tools.cp312-win_amd64.pyd; scipy/sparse/csgraph/_traversal.cp312-win_amd64.pyd; scipy/sparse/linalg/_propack.cp312-win_amd64.pyd; scipy/sparse/linalg/_dsolve/_superlu.cp312-win_amd64.pyd; scipy/sparse/linalg/_eigen/arpack/_arpacklib.cp312-win_amd64.pyd; scipy/spatial/_ckdtree.cp312-win_amd64.pyd; scipy/spatial/_distance_pybind.cp312-win_amd64.pyd; scipy/spatial/_distance_wrap.cp312-win_amd64.pyd; scipy/spatial/_hausdorff.cp312-win_amd64.pyd; scipy/spatial/_qhull.cp312-win_amd64.pyd; scipy/spatial/_voronoi.cp312-win_amd64.pyd; scipy/spatial/transform/_rigid_transform_cy.cp312-win_amd64.pyd; scipy/spatial/transform/_rotation_cy.cp312-win_amd64.pyd; scipy/special/cython_special.cp312-win_amd64.pyd; scipy/special/_comb.cp312-win_amd64.pyd; scipy/special/_ellip_harm_2.cp312-win_amd64.pyd; scipy/special/_gufuncs.cp312-win_amd64.pyd; scipy/special/_specfun.cp312-win_amd64.pyd; scipy/special/_special_ufuncs.cp312-win_amd64.pyd; scipy/special/_test_internal.cp312-win_amd64.pyd; scipy/special/_ufuncs.cp312-win_amd64.pyd; scipy/special/_ufuncs_cxx.cp312-win_amd64.pyd; scipy/stats/_ansari_swilk_statistics.cp312-win_amd64.pyd; scipy/stats/_biasedurn.cp312-win_amd64.pyd; scipy/stats/_qmc_cy.cp312-win_amd64.pyd; scipy/stats/_qmvnt_cy.cp312-win_amd64.pyd; scipy/stats/_sobol.cp312-win_amd64.pyd; scipy/stats/_stats.cp312-win_amd64.pyd; scipy/stats/_stats_pythran.cp312-win_amd64.pyd; scipy/stats/_levy_stable/levyst.cp312-win_amd64.pyd; scipy/stats/_rcont/rcont.cp312-win_amd64.pyd; scipy/stats/_unuran/unuran_wrapper.cp312-win_amd64.pyd; scipy/_lib/messagestream.cp312-win_amd64.pyd; scipy/_lib/_ccallback_c.cp312-win_amd64.pyd; scipy/_lib/_fpumode.cp312-win_amd64.pyd; scipy/_lib/_test_ccallback.cp312-win_amd64.pyd; scipy/_lib/_test_deprecation_call.cp312-win_amd64.pyd; scipy/_lib/_test_deprecation_def.cp312-win_amd64.pyd; scipy/_lib/_uarray/_uarray.cp312-win_amd64.pyd; scipy.libs/libscipy_openblas-197ee2fc9b4d071f7e048078cac74115.dll,1535,36658278,https://files.pythonhosted.org/packages/39/e7/979fd14e75008623df31ba70d6bb144700f68feadcea042021c06a05bf82/scipy-1.18.1-cp312-cp312-win_amd64.whl
sentencepiece,0.2.2,wheel,sentencepiece-0.2.2-cp312-cp312-win_amd64.whl,Apache-2.0,License-Expression,Apache-2.0,,,0,same,0,,,permissive,NO-LICENSE-FILE-IN-ARCHIVE,1,sentencepiece/_sentencepiece.cp312-win_amd64.pyd,16,1248030,https://files.pythonhosted.org/packages/8d/11/753fca2e6b109be3ab7867abf357dfe48677fe726ae5a5363d0b54ca9450/sentencepiece-0.2.2-cp312-cp312-win_amd64.whl
setuptools,84.0.0,wheel,setuptools-84.0.0-py3-none-any.whl,MIT,License-Expression,MIT,,,1,same,17,setuptools/_vendor/importlib_metadata-8.7.1.dist-info/licenses/LICENSE (10278 B); setuptools/_vendor/jaraco_context-6.1.0.dist-info/licenses/LICENSE (1076 B); setuptools/_vendor/jaraco_functools-4.4.0.dist-info/licenses/LICENSE (1076 B); setuptools/_vendor/more_itertools-10.8.0.dist-info/licenses/LICENSE (1053 B); setuptools/_vendor/packaging/licenses/__init__.py (5819 B); setuptools/_vendor/packaging/licenses/_spdx.py (51122 B); setuptools/_vendor/packaging-26.0.dist-info/licenses/LICENSE (197 B); setuptools/_vendor/packaging-26.0.dist-info/licenses/LICENSE.APACHE (10174 B); setuptools/_vendor/packaging-26.0.dist-info/licenses/LICENSE.BSD (1344 B); setuptools/_vendor/platformdirs-4.4.0.dist-info/licenses/LICENSE (1089 B); setuptools/_vendor/tomli-2.4.0.dist-info/licenses/LICENSE (1072 B); setuptools/_vendor/wheel-0.46.3.dist-info/licenses/LICENSE.txt (1107 B); setuptools/_vendor/zipp-3.23.0.dist-info/licenses/LICENSE (1076 B); setuptools-84.0.0.dist-info/licenses/LICENSE (1023 B); setuptools/_vendor/autocommand-2.2.2.dist-info/LICENSE (7634 B); setuptools/_vendor/backports.tarfile-1.2.0.dist-info/LICENSE (1023 B); setuptools/_vendor/jaraco.text-4.0.0.dist-info/LICENSE (1023 B),setuptools/config/NOTICE (493 B); setuptools/config/_validate_pyproject/NOTICE (18737 B),permissive (MIT) + vendored autocommand 2.2.2 = weak-copyleft (LGPL-3.0) + validate-pyproject schemas MPL-2.0,,8,setuptools/cli-32.exe; setuptools/cli-64.exe; setuptools/cli-arm64.exe; setuptools/cli.exe; setuptools/gui-32.exe; setuptools/gui-64.exe; setuptools/gui-arm64.exe; setuptools/gui.exe,343,818216,https://files.pythonhosted.org/packages/95/9c/c510029fc6ef33a6275cd2c5d3cecd6613dfd6aa401d57c54f1c18852ccf/setuptools-84.0.0-py3-none-any.whl
shellingham,1.5.4,wheel,shellingham-1.5.4-py2.py3-none-any.whl,ISC License,License,,ISC License,License :: OSI Approved :: ISC License (ISCL),1,same,1,shellingham-1.5.4.dist-info/LICENSE (751 B),,permissive,,0,,13,9755,https://files.pythonhosted.org/packages/e0/f9/0595336914c5619e5f28a1fb793285925a8cd4b432c9da0a987836c7f822/shellingham-1.5.4-py2.py3-none-any.whl
silentcipher,1.0.5+d46d7d0,archive,silentcipher-d46d7d0893a583d8968ab3a6626e2289faec9152.zip,MIT,(none),,,,0,NO-DECLARATION,1,silentcipher-d46d7d0893a583d8968ab3a6626e2289faec9152/LICENSE (1075 B),,permissive (MIT) -- no declaration in the archive; ledger value only,LICENSE-OUTSIDE-package_dir (dropped by pure-python-src install),0,,148,6074692,https://github.com/SesameAILabs/silentcipher/archive/d46d7d0893a583d8968ab3a6626e2289faec9152.zip
soundfile,0.14.0,wheel,soundfile-0.14.0-py2.py3-none-win_amd64.whl,BSD 3-Clause License,License,,BSD 3-Clause License,License :: OSI Approved :: BSD License,1,same,3,_soundfile_data/COPYING (26518 B); licensing/license_notes.md (2631 B); soundfile-0.14.0.dist-info/LICENSE (1512 B),,permissive (BSD-3) + bundled libsndfile = weak-copyleft (LGPL-2.1) / libmp3lame LGPL-2+ / libmpg123 LGPL-2.1,,1,_soundfile_data/libsndfile_x64.dll,11,1021480,https://files.pythonhosted.org/packages/ed/97/b39c18ac1df45e755ca22b8b00e872929da5d107998a207a5e4ac831bfda/soundfile-0.14.0-py2.py3-none-win_amd64.whl
soxr,1.1.0,wheel,soxr-1.1.0-cp312-abi3-win_amd64.whl,LGPL-2.1-or-later,License-Expression,LGPL-2.1-or-later,,,0,same,4,soxr-1.1.0.dist-info/licenses/COPYING.LGPL (26934 B); soxr-1.1.0.dist-info/licenses/LICENSE-libsoxr.txt (1047 B); soxr-1.1.0.dist-info/licenses/LICENSE-PFFFT.txt (2174 B); soxr-1.1.0.dist-info/licenses/LICENSE.txt (728 B),,weak-copyleft (LGPL-2.1-or-later),,1,soxr/soxr_ext.pyd,11,174357,https://files.pythonhosted.org/packages/b0/4d/621e4150e4815246ad552d215a8a294a90143fedd19ee442cf82d3b3abc8/soxr-1.1.0-cp312-abi3-win_amd64.whl
starlette,1.6.0,wheel,starlette-1.6.0-py3-none-any.whl,BSD-3-Clause,License-Expression,BSD-3-Clause,,,1,same,1,starlette-1.6.0.dist-info/licenses/LICENSE.md (1518 B),,permissive,,0,,40,75969,https://files.pythonhosted.org/packages/c8/cb/6a6a47d5b464bd08695d254f3da6e7986cc70c9fa5d778eda57538edfe56/starlette-1.6.0-py3-none-any.whl
sympy,1.14.0,wheel,sympy-1.14.0-py3-none-any.whl,BSD,License,,BSD,License :: OSI Approved :: BSD License,2,same,3,sympy/parsing/latex/LICENSE.txt (1075 B); sympy-1.14.0.dist-info/licenses/AUTHORS (55779 B); sympy-1.14.0.dist-info/licenses/LICENSE (7885 B),,permissive,,0,,1570,6299353,https://files.pythonhosted.org/packages/a2/09/77d55d46fd61b4a135c444fc97158ef34a095e5681d0a6c10b75bf356191/sympy-1.14.0-py3-none-any.whl
tensorboard,2.21.0,wheel,tensorboard-2.21.0-py3-none-any.whl,Apache 2.0,License,,Apache 2.0,License :: OSI Approved :: Apache Software License,1,same,1,tensorboard-2.21.0.dist-info/licenses/LICENSE (28082 B),,permissive,,0,,271,5516204,https://files.pythonhosted.org/packages/37/4b/cd2eec9642781a8f5b2fb9994e3933a7b259ab18e9d49aeede9b5acf6311/tensorboard-2.21.0-py3-none-any.whl
tensorboard-data-server,0.7.2,wheel,tensorboard_data_server-0.7.2-py3-none-any.whl,Apache 2.0,License,,Apache 2.0,License :: OSI Approved :: Apache Software License,0,same,0,,,permissive,NO-LICENSE-FILE-IN-ARCHIVE,0,,5,2356,https://files.pythonhosted.org/packages/7a/13/e503968fefabd4c6b2650af21e110aa8466fe21432cd7c43a84577a89438/tensorboard_data_server-0.7.2-py3-none-any.whl
termcolor,3.3.0,wheel,termcolor-3.3.0-py3-none-any.whl,MIT,License-Expression,MIT,,,1,same,1,termcolor-3.3.0.dist-info/licenses/COPYING.txt (1072 B),,permissive,,0,,8,7734,https://files.pythonhosted.org/packages/33/d1/8bb87d21e9aeb323cc03034f5eaf2c8f69841e40e4853c2627edf8111ed3/termcolor-3.3.0-py3-none-any.whl
threadpoolctl,3.6.0,wheel,threadpoolctl-3.6.0-py3-none-any.whl,BSD-3-Clause,License,,BSD-3-Clause,License :: OSI Approved :: BSD License,1,same,1,threadpoolctl-3.6.0.dist-info/licenses/LICENSE (1507 B),,permissive,,0,,5,18638,https://files.pythonhosted.org/packages/32/d5/f9a850d79b0851d1d4ef6456097579a9005b31fea68726a4ae5f2d82ddd9/threadpoolctl-3.6.0-py3-none-any.whl
tokenizers,0.23.2,wheel,tokenizers-0.23.2-cp310-abi3-win_amd64.whl,License :: OSI Approved :: Apache Software License,Classifier,,,License :: OSI Approved :: Apache Software License,0,same,0,,,permissive,NO-LICENSE-FILE-IN-ARCHIVE,1,tokenizers/tokenizers.pyd,32,2863236,https://files.pythonhosted.org/packages/db/f7/0a69ac6b82dbccf3f71add938a161c497952749294b8dd6dfe03a819dc40/tokenizers-0.23.2-cp310-abi3-win_amd64.whl
torch-stoi,0.2.3,wheel,torch_stoi-0.2.3-py3-none-any.whl,MIT,License,,MIT,License :: OSI Approved :: MIT License,1,same,1,torch_stoi-0.2.3.dist-info/LICENSE (1072 B),,permissive,,0,,8,8146,https://files.pythonhosted.org/packages/a3/92/ead346e904390a53e71b5da2df7e7839abb16e967ba07fa15addf1f9f37c/torch_stoi-0.2.3-py3-none-any.whl
tqdm,4.70.0,wheel,tqdm-4.70.0-py3-none-any.whl,MPL-2.0 AND MIT,License,,MPL-2.0 AND MIT,,1,same,1,tqdm-4.70.0.dist-info/licenses/LICENCE (1985 B),,weak-copyleft (MPL-2.0 AND MIT),MPL-2.0 Exhibit A only (full MPL-2.0 body not shipped),0,,39,80184,https://files.pythonhosted.org/packages/f9/1c/01bfd571a64e7f270e6bab5e33777debe0edc56759233ce84f27dec92d14/tqdm-4.70.0-py3-none-any.whl
transformers,5.16.1,wheel,transformers-5.16.1-py3-none-any.whl,Apache 2.0 License,License,,Apache 2.0 License,,1,same,1,transformers-5.16.1.dist-info/licenses/LICENSE (11418 B),,permissive,,0,,2644,12080592,https://files.pythonhosted.org/packages/0d/4d/ee3728674c0bbc637bb4af88ccf0be697f92e4e90b55f5dc110c44d61b61/transformers-5.16.1-py3-none-any.whl
typer,0.27.2,wheel,typer-0.27.2-py3-none-any.whl,MIT,License-Expression,MIT,,,1,same,2,typer-0.27.2.dist-info/licenses/LICENSE (1086 B); typer/_click/LICENSE.txt (1475 B),,permissive,,0,,41,123130,https://files.pythonhosted.org/packages/dc/bf/205d0004930ede8f542fb58f601526fccf4ae7626075ca1e6c4de5d3d652/typer-0.27.2-py3-none-any.whl
typing-extensions,4.16.0,wheel,typing_extensions-4.16.0-py3-none-any.whl,PSF-2.0,License-Expression,PSF-2.0,,,1,same,1,typing_extensions-4.16.0.dist-info/licenses/LICENSE (13936 B),,"permissive (PSF-2.0 = Python LICENSE, PSF/BeOpen/CNRI/CWI 4 layers)",,0,,5,45571,https://files.pythonhosted.org/packages/49/d3/b8441a820a491ddfc024b0b0cf0393375b75ea13866d9c66727e54c2fc80/typing_extensions-4.16.0-py3-none-any.whl
typing-inspection,0.4.4,wheel,typing_inspection-0.4.4-py3-none-any.whl,MIT,License-Expression,MIT,,,1,same,1,typing_inspection-0.4.4.dist-info/licenses/LICENSE (1090 B),,permissive,,0,,9,14750,https://files.pythonhosted.org/packages/67/81/4add07e5172b7ac40d8ed5ff580409a7801a4fe26d529bdd915401dabfbe/typing_inspection-0.4.4-py3-none-any.whl
urllib3,2.7.0,wheel,urllib3-2.7.0-py3-none-any.whl,MIT,License-Expression,MIT,,,1,same,1,urllib3-2.7.0.dist-info/licenses/LICENSE.txt (1093 B),,permissive,,0,,42,131087,https://files.pythonhosted.org/packages/7f/3e/5db95bcf282c52709639744ca2a8b149baccf648e39c8cc87553df9eae0c/urllib3-2.7.0-py3-none-any.whl
uvicorn,0.52.4,wheel,uvicorn-0.52.4-py3-none-any.whl,BSD-3-Clause,License-Expression,BSD-3-Clause,,,1,same,1,uvicorn-0.52.4.dist-info/licenses/LICENSE.md (1526 B),,permissive,,0,,48,79871,https://files.pythonhosted.org/packages/f1/79/4a20b54ab0491485ccd8c077db2d39187c7f12b3e15485d38a7be37c81b4/uvicorn-0.52.4-py3-none-any.whl
watchfiles,1.2.0,wheel,watchfiles-1.2.0-cp312-cp312-win_amd64.whl,MIT,License,,MIT,License :: OSI Approved :: MIT License,1,same,1,watchfiles-1.2.0.dist-info/licenses/LICENSE (1112 B),,permissive,,1,watchfiles/_rust_notify.cp312-win_amd64.pyd,16,288718,https://files.pythonhosted.org/packages/1c/e6/9d42569c0102645cc8cea5d8c7d8a1e9d4ada2cb7f05f75e554b8aa2202a/watchfiles-1.2.0-cp312-cp312-win_amd64.whl
websockets,17.1,wheel,websockets-17.1-cp312-cp312-win_amd64.whl,BSD-3-Clause,License-Expression,BSD-3-Clause,,,1,same,1,websockets-17.1.dist-info/licenses/LICENSE (1538 B),,permissive,,1,websockets/speedups.cp312-win_amd64.pyd,62,217786,https://files.pythonhosted.org/packages/50/23/493ecfdaf32898e5ea24dc900e33e5e317f9662d5d9ab2d44b2e111b4e1c/websockets-17.1-cp312-cp312-win_amd64.whl
werkzeug,3.1.8,wheel,werkzeug-3.1.8-py3-none-any.whl,BSD-3-Clause,License-Expression,BSD-3-Clause,,,1,same,1,werkzeug-3.1.8.dist-info/licenses/LICENSE.txt (1475 B),,permissive,,0,,63,226459,https://files.pythonhosted.org/packages/93/8c/2e650f2afeb7ee576912636c23ddb621c91ac6a98e66dc8d29c3c69446e1/werkzeug-3.1.8-py3-none-any.whl
