"archive","entry","bytes","sha256","status","signer_subject","has_timestamp"
"cffi-2.1.1-cp312-cp312-win_amd64.whl","_cffi_backend.cp312-win_amd64.pyd","181248","9af5e4f68a41f26b726f2e9424f9d58a4f5666189f6a48be95f406b257102aec","NotSigned","","no"
"charset_normalizer-3.5.1-cp312-cp312-win_amd64.whl","charset_normalizer/cd.cp312-win_amd64.pyd","117248","71ffb046452b819770538cb59fd25694c0a8e9b08af4b8b71f26dac85dcff062","NotSigned","","no"
"charset_normalizer-3.5.1-cp312-cp312-win_amd64.whl","charset_normalizer/md.cp312-win_amd64.pyd","193536","c53a0a481bbcef6a88492bd113b6293997900f4a17a1a5055776d76256d720f9","NotSigned","","no"
"grpcio-1.83.1-cp312-cp312-win_amd64.whl","grpc/_cython/cygrpc.cp312-win_amd64.pyd","11177984","89c7b390b8ef99425571aa3873a0ee1dc36115b716966be3f8ed391b663667c3","NotSigned","","no"
"hf_xet-1.6.0-cp38-abi3-win_amd64.whl","hf_xet/hf_xet.pyd","9499136","ea8f5ddb1ae42adf5e4d376ec27b7f1ea1fe843e15f5d7a9e45fe1298ca4fd4c","NotSigned","","no"
"httptools-0.8.0-cp312-cp312-win_amd64.whl","httptools/parser/parser.cp312-win_amd64.pyd","124416","04777205573d164d66030bc6d9dd9eaac35b9f73a8789a044c1423db01ee43ab","NotSigned","","no"
"httptools-0.8.0-cp312-cp312-win_amd64.whl","httptools/parser/url_parser.cp312-win_amd64.pyd","52224","1b75cea9e13cf0895e3bafdafee237eb361568c59ba3cb5ccfbd06fa2d8199c4","NotSigned","","no"
"llvmlite-0.49.0-cp312-cp312-win_amd64.whl","llvmlite.libs/msvcp140-8f141b4454fa78db34bc1f28c571b4da.dll","557648","8f141b4454fa78db34bc1f28c571b4da0e00cd2c43f7ad0e282f313036826aae","Valid","CN=Microsoft Windows Software Compatibility Publisher, O=Microsoft Corporation, L=Redmond, S=Washington, C=US","yes"
"llvmlite-0.49.0-cp312-cp312-win_amd64.whl","llvmlite/binding/llvmlite.dll","120369664","900c79bf1e07d530f853523f3f2dffd608098cb6bbea7703f31be52fb89e1423","NotSigned","","no"
"markupsafe-3.0.3-cp312-cp312-win_amd64.whl","markupsafe/_speedups.cp312-win_amd64.pyd","13312","6107cd12e027357194947a9e4881aecf468790d2cb6ef4dd6ec77f5736232098","NotSigned","","no"
"msgpack-1.2.2-cp312-cp312-win_amd64.whl","msgpack/_cmsgpack.cp312-win_amd64.pyd","126464","d2928799c43862b2d18c39f05c32378d4c98ba0131625f6dfb8b012006a5523c","NotSigned","","no"
"numba-0.67.0-cp312-cp312-win_amd64.whl","numba/_devicearray.cp312-win_amd64.pyd","12288","c7483dc403a105490011f60957785d6561d4e935636074b38dfecc118fbc5938","NotSigned","","no"
"numba-0.67.0-cp312-cp312-win_amd64.whl","numba/_dispatcher.cp312-win_amd64.pyd","41472","06167c9bfa01007a2efdc97b04709febe83e87f575820ac566564715098fbf70","NotSigned","","no"
"numba-0.67.0-cp312-cp312-win_amd64.whl","numba/_dynfunc.cp312-win_amd64.pyd","16896","fa38ff877880cf66a6556d5c54f6f39941b951a6d047a2ad60617a97897ecbc7","NotSigned","","no"
"numba-0.67.0-cp312-cp312-win_amd64.whl","numba/_helperlib.cp312-win_amd64.pyd","203776","1b797925f0423b0668686653e35639e0010bf3b2910dc6752a13b71e642db0b6","NotSigned","","no"
"numba-0.67.0-cp312-cp312-win_amd64.whl","numba/core/runtime/_nrt_python.cp312-win_amd64.pyd","25088","4d758ce1b9ee519deb7d994a6215ec1c52ab63153313fdeedafc249a26af3ef8","NotSigned","","no"
"numba-0.67.0-cp312-cp312-win_amd64.whl","numba/core/typeconv/_typeconv.cp312-win_amd64.pyd","20480","76cd586965efbddf9d36dc7a35e8bf322634ea390feafed999001130ba5da754","NotSigned","","no"
"numba-0.67.0-cp312-cp312-win_amd64.whl","numba/cuda/cudadrv/_extras.cp312-win_amd64.pyd","10752","d025c6e21dae08a77aa16a928a9173ecec180b3fcc50a30c427e87539007bf0c","NotSigned","","no"
"numba-0.67.0-cp312-cp312-win_amd64.whl","numba/experimental/jitclass/_box.cp312-win_amd64.pyd","12800","076aeece9f019f5d29690ce175f95dfd17a264b83cb30e1bc8ce3da2926892a6","NotSigned","","no"
"numba-0.67.0-cp312-cp312-win_amd64.whl","numba/mviewbuf.cp312-win_amd64.pyd","14848","957a8a3d6db6e473e8ffe48739c65896b4f58bcb6995549ba8306602b81f725c","NotSigned","","no"
"numba-0.67.0-cp312-cp312-win_amd64.whl","numba/np/ufunc/_internal.cp312-win_amd64.pyd","23552","174739c6642f3c298f34a7db300265a20208c72eeb5a80af1d3681471be9d4a8","NotSigned","","no"
"numba-0.67.0-cp312-cp312-win_amd64.whl","numba/np/ufunc/_num_threads.cp312-win_amd64.pyd","10752","437a29eaab32d903f1e63f4099200871a681c4e73c28fe6390ed1c3824e82d67","NotSigned","","no"
"numba-0.67.0-cp312-cp312-win_amd64.whl","numba/np/ufunc/omppool.cp312-win_amd64.pyd","36352","d4014f6cafc2bb6e9c8d663d2cbe49bf08eee0019b8152fa9863259fca0d9a4b","NotSigned","","no"
"numba-0.67.0-cp312-cp312-win_amd64.whl","numba/np/ufunc/tbbpool.cp312-win_amd64.pyd","46592","a01b3ac30e5cfeab7026349ec771d3bf8c6b17da2b8882dea43a29b28481e55c","NotSigned","","no"
"numba-0.67.0-cp312-cp312-win_amd64.whl","numba/np/ufunc/workqueue.cp312-win_amd64.pyd","38400","f3c1d6989718354e6adba47f1ff25f649be3627f9959eb021d5fa3a681226259","NotSigned","","no"
"numpy-2.5.2-cp312-cp312-win_amd64.whl","numpy.libs/libscipy_openblas64_-327b2e0bcffce2882e0dc04cdeb4eaa6.dll","20495360","327b2e0bcffce2882e0dc04cdeb4eaa6382ed4dba29871b6176fa157782f484a","NotSigned","","no"
"numpy-2.5.2-cp312-cp312-win_amd64.whl","numpy.libs/msvcp140-a4c2229bdc2a2a630acdc095b4d86008.dll","575056","a4c2229bdc2a2a630acdc095b4d86008e5c3e3bc7773174354f3da4f5beb9cde","Valid","CN=Microsoft Windows Software Compatibility Publisher, O=Microsoft Corporation, L=Redmond, S=Washington, C=US","yes"
"numpy-2.5.2-cp312-cp312-win_amd64.whl","numpy/_core/_multiarray_tests.cp312-win_amd64.pyd","65536","47ff40012ce4bbb2c2b4f698fa60f0551d35d817a39316d022aefaaa48e1987e","NotSigned","","no"
"numpy-2.5.2-cp312-cp312-win_amd64.whl","numpy/_core/_multiarray_umath.cp312-win_amd64.pyd","3849216","63169915c2d78aba0984bd5e235a92936c319d228c35919a41758b20cd8683c1","NotSigned","","no"
"numpy-2.5.2-cp312-cp312-win_amd64.whl","numpy/_core/_operand_flag_tests.cp312-win_amd64.pyd","12288","6b119484cd0b5a4826482188f4944e2fe8d8404ba1f3290844a3d940af2a5248","NotSigned","","no"
"numpy-2.5.2-cp312-cp312-win_amd64.whl","numpy/_core/_rational_tests.cp312-win_amd64.pyd","43520","1eadf92ea62f7358295bc62eb699ce7e9947420abf137eebebad59bd42a4f070","NotSigned","","no"
"numpy-2.5.2-cp312-cp312-win_amd64.whl","numpy/_core/_simd.cp312-win_amd64.pyd","831488","44820458e000860abe932a0f7d5b89b6eb4f865fbe9fc1f23c95644a28fb3f98","NotSigned","","no"
"numpy-2.5.2-cp312-cp312-win_amd64.whl","numpy/_core/_struct_ufunc_tests.cp312-win_amd64.pyd","14336","5339fd149bce6dddab4b03b224c2ffcb8b3ebe32e0b9d234cd222b645c235bac","NotSigned","","no"
"numpy-2.5.2-cp312-cp312-win_amd64.whl","numpy/_core/_umath_tests.cp312-win_amd64.pyd","34304","9b454dfe53b73490e91260a8b8d07ee9a915804430accd7b7a526f5a28d9f92e","NotSigned","","no"
"numpy-2.5.2-cp312-cp312-win_amd64.whl","numpy/fft/_pocketfft_umath.cp312-win_amd64.pyd","276480","440a855aba8838cd5c4e22b2618cd9f691aea11130261a9318cc48050e76720e","NotSigned","","no"
"numpy-2.5.2-cp312-cp312-win_amd64.whl","numpy/linalg/_umath_linalg.cp312-win_amd64.pyd","112128","26315b00a500ebfa5723776853ba651e3cae05c22144f41305ba0cf3b29b9542","NotSigned","","no"
"numpy-2.5.2-cp312-cp312-win_amd64.whl","numpy/linalg/lapack_lite.cp312-win_amd64.pyd","18944","2aa76852c25a37f22009db5415eec9eaf393743036cc0aee6ea81807869edfdd","NotSigned","","no"
"numpy-2.5.2-cp312-cp312-win_amd64.whl","numpy/random/_bounded_integers.cp312-win_amd64.pyd","207360","b15875ad2ded03fc5f555bf8d4781b526a070e9aed72b775499b875a9a6d4965","NotSigned","","no"
"numpy-2.5.2-cp312-cp312-win_amd64.whl","numpy/random/_common.cp312-win_amd64.pyd","167424","eaf315793a49b211515951203a1a0e2d511af930e024b6c93dee7b3e5ab2aed3","NotSigned","","no"
"numpy-2.5.2-cp312-cp312-win_amd64.whl","numpy/random/_generator.cp312-win_amd64.pyd","587776","f39f29e88e2aacc3b280d4c8a44a189a48722b1c7414de516d6d1c4d13b13495","NotSigned","","no"
"numpy-2.5.2-cp312-cp312-win_amd64.whl","numpy/random/_mt19937.cp312-win_amd64.pyd","89088","d202ea26fd003eb916a640b2e931b20512f65aad0315f4f31d4e65c9d0e5f58e","NotSigned","","no"
"numpy-2.5.2-cp312-cp312-win_amd64.whl","numpy/random/_pcg64.cp312-win_amd64.pyd","100864","c21833f36728e5aa2db7b5c2fb290f6e62143c0167a317126b4c7a31380d4917","NotSigned","","no"
"numpy-2.5.2-cp312-cp312-win_amd64.whl","numpy/random/_philox.cp312-win_amd64.pyd","85504","e482e082620a583b6a0d01171147f6ff7cdee3b1d8f6d15e277ad6efbf14ee40","NotSigned","","no"
"numpy-2.5.2-cp312-cp312-win_amd64.whl","numpy/random/_sfc64.cp312-win_amd64.pyd","62464","ebf00341da63fc784cc5e71e1497293cd3be45e921c88d002ed7340c019ebada","NotSigned","","no"
"numpy-2.5.2-cp312-cp312-win_amd64.whl","numpy/random/bit_generator.cp312-win_amd64.pyd","165888","1c05dbf7c50d6a885e8f35fe360377368d12f4718ec0feb6125c71b8d16c20ea","NotSigned","","no"
"numpy-2.5.2-cp312-cp312-win_amd64.whl","numpy/random/mtrand.cp312-win_amd64.pyd","492544","fa7cbd1e1aa591b3b7ea291d63aa5c49ed37383ea7655d96a2ff44c4f2e90fc3","NotSigned","","no"
"pillow-12.3.0-cp312-cp312-win_amd64.whl","PIL/_avif.cp312-win_amd64.pyd","7893504","6731dce52baab0b96b0eeb3c664844b5b42c2168ea8668af2430e2fbdd2dfbd8","NotSigned","","no"
"pillow-12.3.0-cp312-cp312-win_amd64.whl","PIL/_imaging.cp312-win_amd64.pyd","2632704","c8c519ec72bf75b2945b4fc4afa854af2fca8b970a403134f9ddda3e164d85e9","NotSigned","","no"
"pillow-12.3.0-cp312-cp312-win_amd64.whl","PIL/_imagingcms.cp312-win_amd64.pyd","272384","c89c633ae1bf3f26a327d14ff688db66628e19c9866ab925479f27dcb60a2d6f","NotSigned","","no"
"pillow-12.3.0-cp312-cp312-win_amd64.whl","PIL/_imagingft.cp312-win_amd64.pyd","2174976","77c6d37de41733df40fb36d9af47644989ac17da036515e759303969edb22c48","NotSigned","","no"
"pillow-12.3.0-cp312-cp312-win_amd64.whl","PIL/_imagingmath.cp312-win_amd64.pyd","21504","82ac45c41a008854d05f67deda298b65a7bed850d0d79a3af861ed583f6e7d62","NotSigned","","no"
"pillow-12.3.0-cp312-cp312-win_amd64.whl","PIL/_imagingmorph.cp312-win_amd64.pyd","12288","b8523bbce8b322b4b931863c61b8107156b3f23fe1bbbfe0bc3fa318ea662fb0","NotSigned","","no"
"pillow-12.3.0-cp312-cp312-win_amd64.whl","PIL/_imagingtk.cp312-win_amd64.pyd","14848","690cc1cae4a2dc8594a342b9241e691dcc89d81dad4cddcefdf285275365a2b1","NotSigned","","no"
"pillow-12.3.0-cp312-cp312-win_amd64.whl","PIL/_webp.cp312-win_amd64.pyd","416256","9823cebb84f425af3ac1e7437259bc176e7ad7e25d7fa829b0e1a3e55c11be70","NotSigned","","no"
"protobuf-7.36.1-cp310-abi3-win_amd64.whl","google/_upb/_message.pyd","745134","842f219cd89a95a3c5da42bda1ee99c2b02d35f5f6ac9c1920fc710a876170ae","NotSigned","","no"
"pydantic_core-2.46.5-cp312-cp312-win_amd64.whl","pydantic_core/_pydantic_core.cp312-win_amd64.pyd","5157888","28fd1266fb9946fe61775505a13c0bf803f6932b51b306a0032687393d9a558b","NotSigned","","no"
"python-3.12.10-embed-amd64.zip","_asyncio.pyd","74096","c77de90cad749087a0c5dc5e19d78d24f6ef44e7e5ac19b8420cfc0cea62395d","Valid","CN=Python Software Foundation, O=Python Software Foundation, L=Beaverton, S=Oregon, C=US","yes"
"python-3.12.10-embed-amd64.zip","_bz2.pyd","86896","65f610646d10d5babea080e060d244b546ec52c54012e5e937dc72dcc2e2e7bc","Valid","CN=Python Software Foundation, O=Python Software Foundation, L=Beaverton, S=Oregon, C=US","yes"
"python-3.12.10-embed-amd64.zip","_ctypes.pyd","127480","0e56107a891100535f2da79d85a5ae65ff1227b4765bd108f8593ac1a1110d81","Valid","CN=Python Software Foundation, O=Python Software Foundation, L=Beaverton, S=Oregon, C=US","yes"
"python-3.12.10-embed-amd64.zip","_decimal.pyd","262000","aeacfead2befcc0768063a037bb64bd32109ae09cb144e5f571b04dd7965db9d","Valid","CN=Python Software Foundation, O=Python Software Foundation, L=Beaverton, S=Oregon, C=US","yes"
"python-3.12.10-embed-amd64.zip","_elementtree.pyd","135160","5009a9a53c03ef8387443b5cf6ce08e5c3a79727466a0b931c5bbca915bf89ca","Valid","CN=Python Software Foundation, O=Python Software Foundation, L=Beaverton, S=Oregon, C=US","yes"
"python-3.12.10-embed-amd64.zip","_hashlib.pyd","68976","03d233dbace599168eaffec823de6ed7beec8c2a4ebfe9b8a3d8e042a59af3ba","Valid","CN=Python Software Foundation, O=Python Software Foundation, L=Beaverton, S=Oregon, C=US","yes"
"python-3.12.10-embed-amd64.zip","_lzma.pyd","161136","e3deecc1f59a3b811c608861decd84de1e8df8bafd5e2b39188861318c5a38cf","Valid","CN=Python Software Foundation, O=Python Software Foundation, L=Beaverton, S=Oregon, C=US","yes"
"python-3.12.10-embed-amd64.zip","_msi.pyd","46584","b49332bae154ebdd8c3d5e7ddfdde336d9c47f91ba028dc67bafb2420b3dbb5c","Valid","CN=Python Software Foundation, O=Python Software Foundation, L=Beaverton, S=Oregon, C=US","yes"
"python-3.12.10-embed-amd64.zip","_multiprocessing.pyd","37368","2c636df7059cb0dd7e978dd735c7c5c8ddb09cf94754cf9e232296b96c5c545a","Valid","CN=Python Software Foundation, O=Python Software Foundation, L=Beaverton, S=Oregon, C=US","yes"
"python-3.12.10-embed-amd64.zip","_overlapped.pyd","57336","662126ff80c3a1b4cedf74074029c12ae4743e6d3b37376e39ac70aacb7d4d3c","Valid","CN=Python Software Foundation, O=Python Software Foundation, L=Beaverton, S=Oregon, C=US","yes"
"python-3.12.10-embed-amd64.zip","_queue.pyd","33784","48e76e0ad63f6932b4a77b5819f41c1e7595636ca8d9e824f0943a14b8bb5035","Valid","CN=Python Software Foundation, O=Python Software Foundation, L=Beaverton, S=Oregon, C=US","yes"
"python-3.12.10-embed-amd64.zip","_socket.pyd","85496","3efa4636cf9e350856f6927d67a4c2564bf9bd2758a00bbf17d3aece5b60016d","Valid","CN=Python Software Foundation, O=Python Software Foundation, L=Beaverton, S=Oregon, C=US","yes"
"python-3.12.10-embed-amd64.zip","_sqlite3.pyd","126184","64b51df2805c58b023a875e8ae3be7ac7f61ef664f32ca6c90f6315da47ef0bc","Valid","CN=Python Software Foundation, O=Python Software Foundation, L=Beaverton, S=Oregon, C=US","yes"
"python-3.12.10-embed-amd64.zip","_ssl.pyd","179432","0bc527d2dbc50009f43b2ed5d5982c4f63f4b647647ffa9eda612dcda80f6040","Valid","CN=Python Software Foundation, O=Python Software Foundation, L=Beaverton, S=Oregon, C=US","yes"
"python-3.12.10-embed-amd64.zip","_uuid.pyd","27128","acce4f281d7ffb2dec0997527faf25b1df62ad7bd3032c568ddcf65c90edc867","Valid","CN=Python Software Foundation, O=Python Software Foundation, L=Beaverton, S=Oregon, C=US","yes"
"python-3.12.10-embed-amd64.zip","_wmi.pyd","40304","a980f1e7a29842bd946863fc2693fbeb555a9dc0f9e1630dfed9a2fcdef3ece2","Valid","CN=Python Software Foundation, O=Python Software Foundation, L=Beaverton, S=Oregon, C=US","yes"
"python-3.12.10-embed-amd64.zip","_zoneinfo.pyd","49656","76f1439cda82ab6976df6ba505c4079444703f6d44d8b0259ce59c0ff4279fb4","Valid","CN=Python Software Foundation, O=Python Software Foundation, L=Beaverton, S=Oregon, C=US","yes"
"python-3.12.10-embed-amd64.zip","libcrypto-3.dll","5231472","ccfffddcd3defb8d899026298af9af43bc186130f8483d77e97c93233d5f27d7","Valid","CN=Python Software Foundation, O=Python Software Foundation, L=Beaverton, S=Oregon, C=US","yes"
"python-3.12.10-embed-amd64.zip","libffi-8.dll","39696","eff52743773eb550fcc6ce3efc37c85724502233b6b002a35496d828bd7b280a","Valid","CN=Python Software Foundation, O=Python Software Foundation, L=Beaverton, S=Oregon, C=US","yes"
"python-3.12.10-embed-amd64.zip","libssl-3.dll","794992","007142039f04d04e0ed607bda53de095e5bc6a8a10d26ecedde94ea7d2d7eefe","Valid","CN=Python Software Foundation, O=Python Software Foundation, L=Beaverton, S=Oregon, C=US","yes"
"python-3.12.10-embed-amd64.zip","pyexpat.pyd","205304","d615e193d1affcdbfe504e90d3621cbdcff94bf72b79d899126534507fd6d27a","Valid","CN=Python Software Foundation, O=Python Software Foundation, L=Beaverton, S=Oregon, C=US","yes"
"python-3.12.10-embed-amd64.zip","python.exe","104952","4d6f5f81a4bca11191c4c7c6b43632694d0a4ce74e068619d8fdc161d469859a","Valid","CN=Python Software Foundation, O=Python Software Foundation, L=Beaverton, S=Oregon, C=US","yes"
"python-3.12.10-embed-amd64.zip","python3.dll","70376","fb975a606e7fbf74f64260e3f60c3490b4f74a183c0926fd6ed1ac4c52ac7b1c","Valid","CN=Python Software Foundation, O=Python Software Foundation, L=Beaverton, S=Oregon, C=US","yes"
"python-3.12.10-embed-amd64.zip","python312.dll","6945272","9a0e3435aaa680d868150f87ab3e388ad2eebc22f87e036155c7b4eda8cd2120","Valid","CN=Python Software Foundation, O=Python Software Foundation, L=Beaverton, S=Oregon, C=US","yes"
"python-3.12.10-embed-amd64.zip","pythonw.exe","104304","d72294fb338bc2fc8896d25a7395a4db466425427e1559e77185d5135a830681","Valid","CN=Python Software Foundation, O=Python Software Foundation, L=Beaverton, S=Oregon, C=US","yes"
"python-3.12.10-embed-amd64.zip","select.pyd","33136","d4d7181b11db0bd22a6cd5cda6f8583d1f5c77615fd0a6ca33350619d6e0438a","Valid","CN=Python Software Foundation, O=Python Software Foundation, L=Beaverton, S=Oregon, C=US","yes"
"python-3.12.10-embed-amd64.zip","sqlite3.dll","1583608","8daa45684bf6688fca28d956b2e8942f2fa98f656675ce68e6d61dd869848a7a","Valid","CN=Python Software Foundation, O=Python Software Foundation, L=Beaverton, S=Oregon, C=US","yes"
"python-3.12.10-embed-amd64.zip","unicodedata.pyd","1140592","208ee1cd3cbad0828433ca7246b05be2b1ff5569983d27d296c0b38888585488","Valid","CN=Python Software Foundation, O=Python Software Foundation, L=Beaverton, S=Oregon, C=US","yes"
"python-3.12.10-embed-amd64.zip","vcruntime140_1.dll","49776","6a99bc0128e0c7d6cbbf615fcc26909565e17d4ca3451b97f8987f9c6acbc6c8","Valid","CN=Microsoft Windows Software Compatibility Publisher, O=Microsoft Corporation, L=Redmond, S=Washington, C=US","yes"
"python-3.12.10-embed-amd64.zip","vcruntime140.dll","120400","052ad6a20d375957e82aa6a3c441ea548d89be0981516ca7eb306e063d5027f4","Valid","CN=Microsoft Windows Software Compatibility Publisher, O=Microsoft Corporation, L=Redmond, S=Washington, C=US","yes"
"python-3.12.10-embed-amd64.zip","winsound.pyd","31736","100e8d676777603c7258daf9b2f23ef001f09f1596d8708de359326fff72bddd","Valid","CN=Python Software Foundation, O=Python Software Foundation, L=Beaverton, S=Oregon, C=US","yes"
"pyyaml-6.0.3-cp312-cp312-win_amd64.whl","yaml/_yaml.cp312-win_amd64.pyd","253952","4fd0e84f50261ed0886cffcdd8008b055af3352546e649c3d741b50eae1f9b5f","NotSigned","","no"
"regex-2026.9.3-cp312-cp312-win_amd64.whl","regex/_regex.cp312-win_amd64.pyd","726016","8747b41f42655a8cf5571026917f0c549181afa2b97f74ca669e475985b81b5b","NotSigned","","no"
"safetensors-0.8.0-cp310-abi3-win_amd64.whl","safetensors/_safetensors_rust.pyd","734720","80a2b3f7658854ade855c5fb6192ee38fe2c7fbfd38d1c7c1f4d2c44f67125e4","NotSigned","","no"
"scikit_learn-1.9.0-cp312-cp312-win_amd64.whl","sklearn/__check_build/_check_build.cp312-win_amd64.pyd","28672","7150a550e19262f662768b25da8a255ebe98db6e7093d86183be87cd5b862fb0","NotSigned","","no"
"scikit_learn-1.9.0-cp312-cp312-win_amd64.whl","sklearn/_cyutility.cp312-win_amd64.pyd","128512","36668a85066f4aa3276b27ab5c7904acec024fda078e296f431d34131f63775b","NotSigned","","no"
"scikit_learn-1.9.0-cp312-cp312-win_amd64.whl","sklearn/_isotonic.cp312-win_amd64.pyd","90624","a311c0562395fc16e68d617ca96d3c09113304340842a7901642628045107cbf","NotSigned","","no"
"scikit_learn-1.9.0-cp312-cp312-win_amd64.whl","sklearn/_loss/_loss.cp312-win_amd64.pyd","1312768","bb1ba3cc4889e163f1110fc3e36a455acc466ea5d004341b5a8484eb3270dfff","NotSigned","","no"
"scikit_learn-1.9.0-cp312-cp312-win_amd64.whl","sklearn/.libs/msvcp140.dll","642720","639342ea9a67c0009122238ce070a8257e2e04d367d627509fec29f8442afb42","Valid","CN=Microsoft Windows Software Compatibility Publisher, O=Microsoft Corporation, L=Redmond, S=Washington, C=US","yes"
"scikit_learn-1.9.0-cp312-cp312-win_amd64.whl","sklearn/.libs/vcomp140.dll","213072","f96f3a14d88d8846f31f3ab38a490304ce7d6e4f70fae4304c63e59c7aea2d30","Valid","CN=Microsoft Windows Software Compatibility Publisher, O=Microsoft Corporation, L=Redmond, S=Washington, C=US","yes"
"scikit_learn-1.9.0-cp312-cp312-win_amd64.whl","sklearn/cluster/_dbscan_inner.cp312-win_amd64.pyd","43520","d0d823dbc3223a5fe428081631268015ffef921c29d5498bf85783ae41a8c9ed","NotSigned","","no"
"scikit_learn-1.9.0-cp312-cp312-win_amd64.whl","sklearn/cluster/_hdbscan/_linkage.cp312-win_amd64.pyd","89600","389f894d712908f39ab15fe93de63479d34b1fec0d03bb5c718e20580993da5d","NotSigned","","no"
"scikit_learn-1.9.0-cp312-cp312-win_amd64.whl","sklearn/cluster/_hdbscan/_reachability.cp312-win_amd64.pyd","144896","da750e7b1d624399317a9a589ef5c500e081a73c2bc65bb5c77e6bbe835c1afc","NotSigned","","no"
"scikit_learn-1.9.0-cp312-cp312-win_amd64.whl","sklearn/cluster/_hdbscan/_tree.cp312-win_amd64.pyd","172032","7f217d88d1bd65cc751642c8195cd496feeeacf02d170f87014e68da2a5139de","NotSigned","","no"
"scikit_learn-1.9.0-cp312-cp312-win_amd64.whl","sklearn/cluster/_hierarchical_fast.cp312-win_amd64.pyd","117248","dd4285d0592b3c1f4db58c98abe0d75c73d2ffcb3f185343d2cd1090053a1b5a","NotSigned","","no"
"scikit_learn-1.9.0-cp312-cp312-win_amd64.whl","sklearn/cluster/_k_means_common.cp312-win_amd64.pyd","195584","0a2cc3827eda6419e6a8ed68cd82c10a2c83a5ca44cafc08461f03b7dedf0c96","NotSigned","","no"
"scikit_learn-1.9.0-cp312-cp312-win_amd64.whl","sklearn/cluster/_k_means_elkan.cp312-win_amd64.pyd","215552","ee13277290ebc01511b922addf7e2c2b2f3ace5726f72c2c04cfc6866f4a8060","NotSigned","","no"
"scikit_learn-1.9.0-cp312-cp312-win_amd64.whl","sklearn/cluster/_k_means_lloyd.cp312-win_amd64.pyd","141824","ce43521d35763b556b967d8a16552928b188178a6405abfb9e4005e90ec0f4a6","NotSigned","","no"
"scikit_learn-1.9.0-cp312-cp312-win_amd64.whl","sklearn/cluster/_k_means_minibatch.cp312-win_amd64.pyd","99840","a538997bfc96ac9a39a31f4065c085f1e04f7949b2f62bfcfebb296330c0e131","NotSigned","","no"
"scikit_learn-1.9.0-cp312-cp312-win_amd64.whl","sklearn/datasets/_svmlight_format_fast.cp312-win_amd64.pyd","269312","8e5f0c3b89bbe319a7b635be76fbfa2c45220d52f333a9a030cfe4d5cbeab72e","NotSigned","","no"
"scikit_learn-1.9.0-cp312-cp312-win_amd64.whl","sklearn/decomposition/_cdnmf_fast.cp312-win_amd64.pyd","59904","30f9b8817583e1603b68e72c26f68ad959ede46da8598b1936c0d480231644ee","NotSigned","","no"
"scikit_learn-1.9.0-cp312-cp312-win_amd64.whl","sklearn/decomposition/_online_lda_fast.cp312-win_amd64.pyd","83968","e2f94cc12476a64594455c9c9c95e58d642509384ff9fcb37e48e9da4e1b0bb8","NotSigned","","no"
"scikit_learn-1.9.0-cp312-cp312-win_amd64.whl","sklearn/ensemble/_gradient_boosting.cp312-win_amd64.pyd","72192","bf5578c4fcbda0eefda63cf0e59fe0f63a84953bf6892fe3880512452990bd61","NotSigned","","no"
"scikit_learn-1.9.0-cp312-cp312-win_amd64.whl","sklearn/ensemble/_hist_gradient_boosting/_binning.cp312-win_amd64.pyd","43008","a583c8b6f017e19e8b4dca031be7f56a88ed11e0febd00f66b0cf5b0953af759","NotSigned","","no"
"scikit_learn-1.9.0-cp312-cp312-win_amd64.whl","sklearn/ensemble/_hist_gradient_boosting/_gradient_boosting.cp312-win_amd64.pyd","48640","f34a140c4f625ff924542ed17ca55bcf32af043db56d4ac8aad98beb06a9ce53","NotSigned","","no"
"scikit_learn-1.9.0-cp312-cp312-win_amd64.whl","sklearn/ensemble/_hist_gradient_boosting/_predictor.cp312-win_amd64.pyd","66560","fa524ca7bc41b84ae126d23968c727487f4d0a1718fe4adbca6dd996a3af810c","NotSigned","","no"
"scikit_learn-1.9.0-cp312-cp312-win_amd64.whl","sklearn/ensemble/_hist_gradient_boosting/common.cp312-win_amd64.pyd","32256","56a592e612341c2dc8da76ff976c97d443b06cc3c1173ba51cff8f637d10ce3e","NotSigned","","no"
"scikit_learn-1.9.0-cp312-cp312-win_amd64.whl","sklearn/ensemble/_hist_gradient_boosting/histogram.cp312-win_amd64.pyd","126976","80506c76ed9f4111d7b6d7e6684c7ceead1162f59e0f29362bd69f31b1b936ad","NotSigned","","no"
"scikit_learn-1.9.0-cp312-cp312-win_amd64.whl","sklearn/ensemble/_hist_gradient_boosting/splitting.cp312-win_amd64.pyd","137728","827def82a309c3caf5740893e15562f858ac15536077c77359873375c12d566b","NotSigned","","no"
"scikit_learn-1.9.0-cp312-cp312-win_amd64.whl","sklearn/feature_extraction/_hashing_fast.cp312-win_amd64.pyd","60416","c63e6fff3793af1459f00e2fd46a99b0fab43bbae8e7dc8a23ca6ecb82981695","NotSigned","","no"
"scikit_learn-1.9.0-cp312-cp312-win_amd64.whl","sklearn/linear_model/_cd_fast.cp312-win_amd64.pyd","309760","f95bdab8fe77679c062557cb8b427f3a7eda45796e9d778304dd8b5bb442cd1d","NotSigned","","no"
"scikit_learn-1.9.0-cp312-cp312-win_amd64.whl","sklearn/linear_model/_sag_fast.cp312-win_amd64.pyd","97280","49d21bc300d5ff1dc95a08feec193a8d540ab7c0af3bbf328bd9ae5c44a459a5","NotSigned","","no"
"scikit_learn-1.9.0-cp312-cp312-win_amd64.whl","sklearn/linear_model/_sgd_fast.cp312-win_amd64.pyd","139776","a40a93ad43ae8888733bbd171bd321fb2245cb049cd836a93e3559db00dc3464","NotSigned","","no"
"scikit_learn-1.9.0-cp312-cp312-win_amd64.whl","sklearn/manifold/_barnes_hut_tsne.cp312-win_amd64.pyd","64512","e272c5632959d2d0012bade0a95f711c725e96100b83623d5e01a08c8c6d476c","NotSigned","","no"
"scikit_learn-1.9.0-cp312-cp312-win_amd64.whl","sklearn/manifold/_utils.cp312-win_amd64.pyd","47616","d6d7c8d4558432f4dfea6c58ae3f6764df30d86d59232635c6b8782402cb5d5d","NotSigned","","no"
"scikit_learn-1.9.0-cp312-cp312-win_amd64.whl","sklearn/metrics/_dist_metrics.cp312-win_amd64.pyd","387584","841e0611c4733727f66f8af31e228b43c397a603e2946afd4089853a6ce5a2c4","NotSigned","","no"
"scikit_learn-1.9.0-cp312-cp312-win_amd64.whl","sklearn/metrics/_pairwise_distances_reduction/_argkmin_classmode.cp312-win_amd64.pyd","85504","826f75c253f07171c25e768eb69e68a5dd6eb12528e7b46b663271b469ad6835","NotSigned","","no"
"scikit_learn-1.9.0-cp312-cp312-win_amd64.whl","sklearn/metrics/_pairwise_distances_reduction/_argkmin.cp312-win_amd64.pyd","126976","84c040b23d5b22c3683e2606d47b40d6fda5da97c13cba4926098cde83880b0f","NotSigned","","no"
"scikit_learn-1.9.0-cp312-cp312-win_amd64.whl","sklearn/metrics/_pairwise_distances_reduction/_base.cp312-win_amd64.pyd","108544","cd5567dd02cc1ed037cc406f18adb6590c26757664b631535401cd78df40a595","NotSigned","","no"
"scikit_learn-1.9.0-cp312-cp312-win_amd64.whl","sklearn/metrics/_pairwise_distances_reduction/_datasets_pair.cp312-win_amd64.pyd","198656","49ea248c1204dfaad0646df3e78b12a89c8b6b6982729de43730bb989a6db44b","NotSigned","","no"
"scikit_learn-1.9.0-cp312-cp312-win_amd64.whl","sklearn/metrics/_pairwise_distances_reduction/_middle_term_computer.cp312-win_amd64.pyd","206848","4455a516db14499775b26f9ea2a13fe70e50f99297e682bb04c1d7efe544c8af","NotSigned","","no"
"scikit_learn-1.9.0-cp312-cp312-win_amd64.whl","sklearn/metrics/_pairwise_distances_reduction/_radius_neighbors_classmode.cp312-win_amd64.pyd","93696","41c84d9ad605d77a041d1579e198826081baea73e4ea431431c82780dd53c869","NotSigned","","no"
"scikit_learn-1.9.0-cp312-cp312-win_amd64.whl","sklearn/metrics/_pairwise_distances_reduction/_radius_neighbors.cp312-win_amd64.pyd","158720","2311a7520bafe5420010c1f45f793736b8296493a1820ff7d39f5d055b09121a","NotSigned","","no"
"scikit_learn-1.9.0-cp312-cp312-win_amd64.whl","sklearn/metrics/_pairwise_fast.cp312-win_amd64.pyd","84480","7bf407835e0951e98bb4cac079113b446d5ac77c602701afcc6e5373413dfe74","NotSigned","","no"
"scikit_learn-1.9.0-cp312-cp312-win_amd64.whl","sklearn/metrics/cluster/_expected_mutual_info_fast.cp312-win_amd64.pyd","56320","1a6faa1789b6dae2cc2e2abedcfb609960e3831e90b1611249102bf7ec681ff6","NotSigned","","no"
"scikit_learn-1.9.0-cp312-cp312-win_amd64.whl","sklearn/neighbors/_ball_tree.cp312-win_amd64.pyd","378880","d3fe5f5412c5990bc24bf6ccd6b44d176617dd578beda1396946299add0452ca","NotSigned","","no"
"scikit_learn-1.9.0-cp312-cp312-win_amd64.whl","sklearn/neighbors/_kd_tree.cp312-win_amd64.pyd","379392","4e4078dd17163a261c370104717d1d4dda74321a017581fc137c3898628b5d76","NotSigned","","no"
"scikit_learn-1.9.0-cp312-cp312-win_amd64.whl","sklearn/neighbors/_partition_nodes.cp312-win_amd64.pyd","25088","6b6a173c64c6229d2da65420d6fdd6d24c40d5fc9269c02ece86e45e44c73bbd","NotSigned","","no"
"scikit_learn-1.9.0-cp312-cp312-win_amd64.whl","sklearn/neighbors/_quad_tree.cp312-win_amd64.pyd","111616","065d42a4ed3dc39561d062229089fdd60277b183d4f87699a45005d5aa3cc9b1","NotSigned","","no"
"scikit_learn-1.9.0-cp312-cp312-win_amd64.whl","sklearn/preprocessing/_csr_polynomial_expansion.cp312-win_amd64.pyd","211456","8274ed987527f143763180f84734079c184817165c1abd8d47fd14bd4fc820a5","NotSigned","","no"
"scikit_learn-1.9.0-cp312-cp312-win_amd64.whl","sklearn/preprocessing/_target_encoder_fast.cp312-win_amd64.pyd","253952","2efe881552594ed9ee2013606dbc06c11b4510c421435a08305fa4aa026ded80","NotSigned","","no"
"scikit_learn-1.9.0-cp312-cp312-win_amd64.whl","sklearn/svm/_liblinear.cp312-win_amd64.pyd","114176","547b99771de350d78bd1b6f03e2c7b9b7b4f79b8a4d3220bcbfeaa786e2c32e5","NotSigned","","no"
"scikit_learn-1.9.0-cp312-cp312-win_amd64.whl","sklearn/svm/_libsvm_sparse.cp312-win_amd64.pyd","199680","7171083403ad80ff23479895fdd3b61ba4f8feb3c5aa50e5f059a65c4b0479dc","NotSigned","","no"
"scikit_learn-1.9.0-cp312-cp312-win_amd64.whl","sklearn/svm/_libsvm.cp312-win_amd64.pyd","246272","41cb6066eb3bc37c69449dfde75d698f3d1bcbe4f1ac9a4a876273e7ba6a622e","NotSigned","","no"
"scikit_learn-1.9.0-cp312-cp312-win_amd64.whl","sklearn/svm/_newrand.cp312-win_amd64.pyd","38912","fb328a3ac6d553e5b84eb8be2f174f71f89d1cf231dc348cc8296fd280d1a1f8","NotSigned","","no"
"scikit_learn-1.9.0-cp312-cp312-win_amd64.whl","sklearn/tree/_criterion.cp312-win_amd64.pyd","156672","518624b854974bf2d2c63271b5ab99fb784305d9038c56278131e7b830994a8b","NotSigned","","no"
"scikit_learn-1.9.0-cp312-cp312-win_amd64.whl","sklearn/tree/_partitioner.cp312-win_amd64.pyd","117760","419f2ce9ebbd25cf590d64ae9fdeaeb13cd05e43527c3da0a6eb4f28f6f62dbb","NotSigned","","no"
"scikit_learn-1.9.0-cp312-cp312-win_amd64.whl","sklearn/tree/_splitter.cp312-win_amd64.pyd","90624","eaa68085affee187a52551178d0b68e3c843572b2581187e02f9b6efd9cec069","NotSigned","","no"
"scikit_learn-1.9.0-cp312-cp312-win_amd64.whl","sklearn/tree/_tree.cp312-win_amd64.pyd","285184","7ab19627f18ae6f01432087736022d02d9cd82247bc13bc85c8a3ff3ab90ba9e","NotSigned","","no"
"scikit_learn-1.9.0-cp312-cp312-win_amd64.whl","sklearn/tree/_utils.cp312-win_amd64.pyd","64512","e05dbb1da41d1ce6e094ed74b1b9ed90cd280a945350f96c62cf033700bc2bc2","NotSigned","","no"
"scikit_learn-1.9.0-cp312-cp312-win_amd64.whl","sklearn/utils/_bitset.cp312-win_amd64.pyd","45056","0d6ebff490d1729dc4f0f0697046d50fd3a6e948c8fd1a1db59785e9a3d82255","NotSigned","","no"
"scikit_learn-1.9.0-cp312-cp312-win_amd64.whl","sklearn/utils/_cython_blas.cp312-win_amd64.pyd","148992","f44998e1ec5ec0810b6a88aca599115533165ce489e839e12248bd95a56e4857","NotSigned","","no"
"scikit_learn-1.9.0-cp312-cp312-win_amd64.whl","sklearn/utils/_fast_dict.cp312-win_amd64.pyd","91136","d351c53a524b4115e042521d30a468d847db873387007f45b6d34c0cc094ae2e","NotSigned","","no"
"scikit_learn-1.9.0-cp312-cp312-win_amd64.whl","sklearn/utils/_heap.cp312-win_amd64.pyd","18432","5aa5523f148682441343577455d2232cef3e89f1b07a65122d92c4e7442aa583","NotSigned","","no"
"scikit_learn-1.9.0-cp312-cp312-win_amd64.whl","sklearn/utils/_isfinite.cp312-win_amd64.pyd","58368","bbace3b364ceb60fef5533ea148d94a37f1c8d1a43515a306b3b572343a67e18","NotSigned","","no"
"scikit_learn-1.9.0-cp312-cp312-win_amd64.whl","sklearn/utils/_openmp_helpers.cp312-win_amd64.pyd","43520","2ce9ed438a9a56933bf2905d330d5f8deea10f61fa1708079e62c7a0703bff99","NotSigned","","no"
"scikit_learn-1.9.0-cp312-cp312-win_amd64.whl","sklearn/utils/_random.cp312-win_amd64.pyd","111616","cb5b19db12be7360cb369d705c3aaf1e0f7795a54bb30c1f55c54a64217b5d20","NotSigned","","no"
"scikit_learn-1.9.0-cp312-cp312-win_amd64.whl","sklearn/utils/_seq_dataset.cp312-win_amd64.pyd","118784","794830c1298bf4ce8da39cfd89358a9f32154ff77b935f9d2a19533cd57adde4","NotSigned","","no"
"scikit_learn-1.9.0-cp312-cp312-win_amd64.whl","sklearn/utils/_sorting.cp312-win_amd64.pyd","58368","524a6417d0cf8e98c1c745146b6894755390dff3002aea76b2a83b2508b5ea03","NotSigned","","no"
"scikit_learn-1.9.0-cp312-cp312-win_amd64.whl","sklearn/utils/_typedefs.cp312-win_amd64.pyd","75776","b400a6f803fe31b78ef83e2fa95465dae442dd42021bb8635f66336fe8a519d7","NotSigned","","no"
"scikit_learn-1.9.0-cp312-cp312-win_amd64.whl","sklearn/utils/_vector_sentinel.cp312-win_amd64.pyd","95744","ed6721b3407c8d10ca9c928b36e7bf976e3f7cc72aef95336d84c4154d2197c5","NotSigned","","no"
"scikit_learn-1.9.0-cp312-cp312-win_amd64.whl","sklearn/utils/_weight_vector.cp312-win_amd64.pyd","50688","b8f0917245117c19d73fdf6d9bb77e7caa816c545ee8ef22bb4eb02c4f73d630","NotSigned","","no"
"scikit_learn-1.9.0-cp312-cp312-win_amd64.whl","sklearn/utils/arrayfuncs.cp312-win_amd64.pyd","87552","800b1979161f9a223bcc6880dfaef441d571a4bea3a77ac84fb4df62d558eab8","NotSigned","","no"
"scikit_learn-1.9.0-cp312-cp312-win_amd64.whl","sklearn/utils/murmurhash.cp312-win_amd64.pyd","61440","f6f5b6abb690a46759867af23fe0cbde6414780218cf76a963aa875056f33e8d","NotSigned","","no"
"scikit_learn-1.9.0-cp312-cp312-win_amd64.whl","sklearn/utils/sparsefuncs_fast.cp312-win_amd64.pyd","485376","4ffad48859606cfefe5aee0b511a93cdc1b753d21ccbfbbc2e7eb66177d44952","NotSigned","","no"
"scipy-1.18.1-cp312-cp312-win_amd64.whl","scipy.libs/libscipy_openblas-197ee2fc9b4d071f7e048078cac74115.dll","20262912","197ee2fc9b4d071f7e048078cac741151a6585d871061cf5f88c0c73e31963a5","NotSigned","","no"
"scipy-1.18.1-cp312-cp312-win_amd64.whl","scipy/_cyutility.cp312-win_amd64.pyd","192512","5d31b649995f6e9fb95e15f2ba35de18618347c33aee07b9b3eab506a2fdbd8f","NotSigned","","no"
"scipy-1.18.1-cp312-cp312-win_amd64.whl","scipy/_lib/_ccallback_c.cp312-win_amd64.pyd","105984","4ba005064af61e94ad473f09ba67836523db6773458470a6d8d7e5c1234bbdac","NotSigned","","no"
"scipy-1.18.1-cp312-cp312-win_amd64.whl","scipy/_lib/_fpumode.cp312-win_amd64.pyd","11776","227637208fefd2c1e41e57da4a161ed08c9b4a52dcb5e90f6a75f1a9f6afa4e0","NotSigned","","no"
"scipy-1.18.1-cp312-cp312-win_amd64.whl","scipy/_lib/_test_ccallback.cp312-win_amd64.pyd","48128","d057138fc9d01171748bb0bbf627a98017b2d03c8e4ca4a45cbeb9b7ccddc5c7","NotSigned","","no"
"scipy-1.18.1-cp312-cp312-win_amd64.whl","scipy/_lib/_test_deprecation_call.cp312-win_amd64.pyd","36352","52cef060143a058e12bfcaaf70e8007569182c1b8b0198eea09d030b4ca8c3f8","NotSigned","","no"
"scipy-1.18.1-cp312-cp312-win_amd64.whl","scipy/_lib/_test_deprecation_def.cp312-win_amd64.pyd","22016","be5fbb8d5a93f84cbca45ebf9f47b5205471b0ac7b285fd55cadecd0882317ad","NotSigned","","no"
"scipy-1.18.1-cp312-cp312-win_amd64.whl","scipy/_lib/_uarray/_uarray.cp312-win_amd64.pyd","247296","5b759f7df1ef9d0f61061ed528f6e9d0fe5c8938729ae9fcc26c557302403a23","NotSigned","","no"
"scipy-1.18.1-cp312-cp312-win_amd64.whl","scipy/_lib/messagestream.cp312-win_amd64.pyd","62464","a45ee93e69c84e9c198444df93b6f8ffc4ce09c852f3892137b5b6f6034bae6a","NotSigned","","no"
"scipy-1.18.1-cp312-cp312-win_amd64.whl","scipy/cluster/hierarchy/_hierarchy.cp312-win_amd64.pyd","222720","15968b75c9f81d564f8158e8651a099703b7c44981334ea80aaf67502e5920cd","NotSigned","","no"
"scipy-1.18.1-cp312-cp312-win_amd64.whl","scipy/cluster/hierarchy/_optimal_leaf_ordering.cp312-win_amd64.pyd","169984","e3d0273bec8f079e1771169e86ac11e0cf2a9d4632130c0386e75a1a779cbcd0","NotSigned","","no"
"scipy-1.18.1-cp312-cp312-win_amd64.whl","scipy/cluster/vq/_vq.cp312-win_amd64.pyd","105472","70b06cdc4c39ce88e1d8a4c83c98f03d0c65e4834ef7e277094ed6fd00d667d4","NotSigned","","no"
"scipy-1.18.1-cp312-cp312-win_amd64.whl","scipy/fft/_duccfft/pyduccfft.cp312-win_amd64.pyd","2786816","18398ec2696b44bda1e57036be146534d916a01fdb82d6632c73472a2dfd49af","NotSigned","","no"
"scipy-1.18.1-cp312-cp312-win_amd64.whl","scipy/fftpack/convolve.cp312-win_amd64.pyd","122368","5e84598e17d04b2cd232c13bd5e5eca49e7136e78871db751878219c26951e0f","NotSigned","","no"
"scipy-1.18.1-cp312-cp312-win_amd64.whl","scipy/integrate/_dop.cp312-win_amd64.pyd","87040","63cc8187017f0bd2a5e33b7db7d487bb33ae264befb6861467994653dac1e3b1","NotSigned","","no"
"scipy-1.18.1-cp312-cp312-win_amd64.whl","scipy/integrate/_odepack.cp312-win_amd64.pyd","98816","8cec2d7783e804794aa7eecc6eb80e3380b350af35c92bc419b977ef35d901c1","NotSigned","","no"
"scipy-1.18.1-cp312-cp312-win_amd64.whl","scipy/integrate/_quadpack.cp312-win_amd64.pyd","142336","03e0ed70dc1910b227f32676d4f4c8621f4b82ab45429e6f167dc582c4c67dd8","NotSigned","","no"
"scipy-1.18.1-cp312-cp312-win_amd64.whl","scipy/integrate/_test_multivariate.cp312-win_amd64.pyd","13824","b503483abdcadb40cfea257c54837258876238960f95db875f74af72ac005d46","NotSigned","","no"
"scipy-1.18.1-cp312-cp312-win_amd64.whl","scipy/integrate/_vode.cp312-win_amd64.pyd","139776","3b858a16e3408b25b6d3ef03066aa222e3c50f96e0526966d715a5fb93e17e5d","NotSigned","","no"
"scipy-1.18.1-cp312-cp312-win_amd64.whl","scipy/interpolate/_dierckx.cp312-win_amd64.pyd","292864","608680528ee32e54e13316fdd191c6a94e4bf54c64e389bf2b9f59a0ec3f9c2d","NotSigned","","no"
"scipy-1.18.1-cp312-cp312-win_amd64.whl","scipy/interpolate/_fitpack.cp312-win_amd64.pyd","346112","af4120e06472c88e2b44beb834a8e249ecc40de777a2d3d7f74508fa8292b8de","NotSigned","","no"
"scipy-1.18.1-cp312-cp312-win_amd64.whl","scipy/interpolate/_interpnd.cp312-win_amd64.pyd","235008","c3976f6cef4d797f6ad156435cba96782fd164695beb5d44dae2ebe138eb48d1","NotSigned","","no"
"scipy-1.18.1-cp312-cp312-win_amd64.whl","scipy/interpolate/_ppoly.cp312-win_amd64.pyd","206848","a3ef6ca12445cc777e0d07da7890959509e96905701d87b97f368e045fd6bd0d","NotSigned","","no"
"scipy-1.18.1-cp312-cp312-win_amd64.whl","scipy/interpolate/_rbfinterp_pythran.cp312-win_amd64.pyd","1144832","d2392f5b85d9fbf0d3422ee8a531dd805fcb502d64ab04afb6cb0eb21e03b5f7","NotSigned","","no"
"scipy-1.18.1-cp312-cp312-win_amd64.whl","scipy/interpolate/_rgi_cython.cp312-win_amd64.pyd","122880","430673f962ef25cdfe4587915541fc843ab77c99756af741d1cdf6c9dfe12cdf","NotSigned","","no"
"scipy-1.18.1-cp312-cp312-win_amd64.whl","scipy/io/_fast_matrix_market/_fmm_core.cp312-win_amd64.pyd","2880512","cdc0ccca43a3fccaa9f47d3e12066956cb2a4b27c9c7d7d45a6a167de9650e26","NotSigned","","no"
"scipy-1.18.1-cp312-cp312-win_amd64.whl","scipy/io/matlab/_mio_utils.cp312-win_amd64.pyd","53760","f06907f32f6213fe5ceaabf0d3fbbd89871a3f77dfe2d75abf938fe001dc47d1","NotSigned","","no"
"scipy-1.18.1-cp312-cp312-win_amd64.whl","scipy/io/matlab/_mio5_utils.cp312-win_amd64.pyd","185344","929ab5a1bb59f8c1c824db0335b996cf82f6884966c5e5ea30ec5db7aaa700d0","NotSigned","","no"
"scipy-1.18.1-cp312-cp312-win_amd64.whl","scipy/io/matlab/_streams.cp312-win_amd64.pyd","108544","43079658168a32e8372044ee3108c1d43cf0fd000b48647f3bb8970f387240e6","NotSigned","","no"
"scipy-1.18.1-cp312-cp312-win_amd64.whl","scipy/linalg/_batched_linalg.cp312-win_amd64.pyd","1165824","4ff2e41e64d34a0f34ca4363d48074451e1e9977bfc366bf0b80d4c2f4a50268","NotSigned","","no"
"scipy-1.18.1-cp312-cp312-win_amd64.whl","scipy/linalg/_cythonized_array_utils.cp312-win_amd64.pyd","198656","deab4aaecda674e2b45c4a19742da78dc03f624ce023846417b7a18a8339031f","NotSigned","","no"
"scipy-1.18.1-cp312-cp312-win_amd64.whl","scipy/linalg/_decomp_interpolative.cp312-win_amd64.pyd","742400","cd4acc7a49f36691c2aeaa128cbe2bcaa8f85ac71b8cf131ea58ef1291b00166","NotSigned","","no"
"scipy-1.18.1-cp312-cp312-win_amd64.whl","scipy/linalg/_decomp_update.cp312-win_amd64.pyd","303616","2bf6c314edd1a8bf354f238415f3295ae464fde97e1f276ca7efcdc177afe546","NotSigned","","no"
"scipy-1.18.1-cp312-cp312-win_amd64.whl","scipy/linalg/_fblas.cp312-win_amd64.pyd","739840","4832bd6d4e8f9ba7317985fdfa8656e8661e98ce952ba757671e3c2d236d9389","NotSigned","","no"
"scipy-1.18.1-cp312-cp312-win_amd64.whl","scipy/linalg/_flapack.cp312-win_amd64.pyd","2301440","ea9fc3ba84abfb7bc1be930d94a237ae494df9ede89a919602d661b606f55138","NotSigned","","no"
"scipy-1.18.1-cp312-cp312-win_amd64.whl","scipy/linalg/_internal_matfuncs.cp312-win_amd64.pyd","172032","ad0ec88336620b15d80f8588a212cade3700b90c329c90b26bb10c5d4b8579c8","NotSigned","","no"
"scipy-1.18.1-cp312-cp312-win_amd64.whl","scipy/linalg/_linalg_pythran.cp312-win_amd64.pyd","1038336","6ac6bea5e09d9f07f9e986bc2edbe2b632cafacdfab9815865573427814a03e4","NotSigned","","no"
"scipy-1.18.1-cp312-cp312-win_amd64.whl","scipy/linalg/_matfuncs_sqrtm_triu.cp312-win_amd64.pyd","107520","ea95b4aa9018f7e059ce81047279d5f569d37ff6fb5eccf9da8511d115c4dc00","NotSigned","","no"
"scipy-1.18.1-cp312-cp312-win_amd64.whl","scipy/linalg/_solve_toeplitz.cp312-win_amd64.pyd","123904","f7627f12ffc46542802ed6940a7c449589226548d32b8db6dd1c9abc04cd0671","NotSigned","","no"
"scipy-1.18.1-cp312-cp312-win_amd64.whl","scipy/linalg/cython_blas.cp312-win_amd64.pyd","127488","3b74e06f76feab1041954f5b3efedee516bd1259cc97846338d9570ebd39c0a5","NotSigned","","no"
"scipy-1.18.1-cp312-cp312-win_amd64.whl","scipy/linalg/cython_lapack.cp312-win_amd64.pyd","203264","5f9f5128647dc62ebbf518b8f4993061b01497adf19cf26ffa1021f9db88ca5b","NotSigned","","no"
"scipy-1.18.1-cp312-cp312-win_amd64.whl","scipy/ndimage/_ctest.cp312-win_amd64.pyd","13824","7d2a4993dc9f4697aeae47678115c397fa6e31445d977e0b7b793406ac9e1a27","NotSigned","","no"
"scipy-1.18.1-cp312-cp312-win_amd64.whl","scipy/ndimage/_cytest.cp312-win_amd64.pyd","73216","d6a6faf1f4b6e82d1e41ff0f39223c1b40e6734fd77e9a76b6696fa97e0f3a21","NotSigned","","no"
"scipy-1.18.1-cp312-cp312-win_amd64.whl","scipy/ndimage/_nd_image.cp312-win_amd64.pyd","196608","24b51c516e9344dfe459f5fd3932d04049f6ab7f9a131e2789e27c69ea7157fd","NotSigned","","no"
"scipy-1.18.1-cp312-cp312-win_amd64.whl","scipy/ndimage/_ni_label.cp312-win_amd64.pyd","212480","94e09844b8a3371f1b523a0aa2ce32ada0e3627456afd1e785c5a5e67849a27a","NotSigned","","no"
"scipy-1.18.1-cp312-cp312-win_amd64.whl","scipy/ndimage/_rank_filter_1d.cp312-win_amd64.pyd","128000","77f996dd45d7f2aa4e563340015791c067cda9971bf55dbaebedc117e26e9dc1","NotSigned","","no"
"scipy-1.18.1-cp312-cp312-win_amd64.whl","scipy/odr/__odrpack.cp312-win_amd64.pyd","715776","0f767a3aab13176da056fc89e7758e7f3cd79eff260d6a0977a2a96066d76ab9","NotSigned","","no"
"scipy-1.18.1-cp312-cp312-win_amd64.whl","scipy/optimize/_bglu_dense.cp312-win_amd64.pyd","175616","f1932732b5384833a4d36b4ab715e79d36c941d538ad9379445ede7dca77c7ec","NotSigned","","no"
"scipy-1.18.1-cp312-cp312-win_amd64.whl","scipy/optimize/_direct.cp312-win_amd64.pyd","70656","7ccd80c266d65fa2a15b7e11dd998f3a8e81937fafc48c9f1ba4786fc867a4d7","NotSigned","","no"
"scipy-1.18.1-cp312-cp312-win_amd64.whl","scipy/optimize/_group_columns.cp312-win_amd64.pyd","1007616","7b2ea108304b87833e64c3ba9e5e6e8e6421d0d2e8eda15ed5ea91a1d75ecc4a","NotSigned","","no"
"scipy-1.18.1-cp312-cp312-win_amd64.whl","scipy/optimize/_highspy/_core.cp312-win_amd64.pyd","6709248","e6beb8321a4905c9bd0ba0eec2dfa7e27d76a01ab7d0abeab81fcce9ae6732e1","NotSigned","","no"
"scipy-1.18.1-cp312-cp312-win_amd64.whl","scipy/optimize/_highspy/_highs_options.cp312-win_amd64.pyd","543232","8b3ca9f9f5c5c56152bcd757a44c574f2e9c907fda564ed9ff6a5552cdf0cfa6","NotSigned","","no"
"scipy-1.18.1-cp312-cp312-win_amd64.whl","scipy/optimize/_lbfgsb.cp312-win_amd64.pyd","49664","3ab8d1a5a2391952c66a4de2126c3f151c7efdaa2e8f340c465bf79b488a2739","NotSigned","","no"
"scipy-1.18.1-cp312-cp312-win_amd64.whl","scipy/optimize/_lsap.cp312-win_amd64.pyd","190976","34e851d39d8c07b071e1206752073b86d29e5cfb63001bc611805ac1d0db7772","NotSigned","","no"
"scipy-1.18.1-cp312-cp312-win_amd64.whl","scipy/optimize/_lsq/givens_elimination.cp312-win_amd64.pyd","70144","c7a2d232bc5d4e6afed937df153fb36d128f5c2416527f2eb7cc8306ab6bc970","NotSigned","","no"
"scipy-1.18.1-cp312-cp312-win_amd64.whl","scipy/optimize/_minpack.cp312-win_amd64.pyd","125952","24fe418dba91526e9aa41cd44902884ba42d63c67261c4c9cab514f608f0ebca","NotSigned","","no"
"scipy-1.18.1-cp312-cp312-win_amd64.whl","scipy/optimize/_moduleTNC.cp312-win_amd64.pyd","151040","b6d7facc4f94f9c07bade87ad7e9a096a4b112a2ca56fea9b4bc19ded68d0959","NotSigned","","no"
"scipy-1.18.1-cp312-cp312-win_amd64.whl","scipy/optimize/_pava_pybind.cp312-win_amd64.pyd","324096","8b63297bce9cb14ebf4d51ac87cdad1eb27ed3b6f6867524fe06554623baff1d","NotSigned","","no"
"scipy-1.18.1-cp312-cp312-win_amd64.whl","scipy/optimize/_slsqplib.cp312-win_amd64.pyd","48640","a108ab846bccb35169dc86b37c14e25a2ec4162b0235ea5282ba28ea057ff011","NotSigned","","no"
"scipy-1.18.1-cp312-cp312-win_amd64.whl","scipy/optimize/_trlib/_trlib.cp312-win_amd64.pyd","207872","5a24ca0f7984cfce5ab7b0de61bd4d4f61593d1da1817d4cd168061cee3bc99c","NotSigned","","no"
"scipy-1.18.1-cp312-cp312-win_amd64.whl","scipy/optimize/_zeros.cp312-win_amd64.pyd","23040","8d1797a4cf71c48e1c22d38dafeb4cdd9bf882d7c59a16b2d9670a1a0a1808c2","NotSigned","","no"
"scipy-1.18.1-cp312-cp312-win_amd64.whl","scipy/optimize/cython_optimize/_zeros.cp312-win_amd64.pyd","83456","3b699e1493de8ca3acd9a31eafacb5c2bdcd6f11dfb79f761628935d664ed9a6","NotSigned","","no"
"scipy-1.18.1-cp312-cp312-win_amd64.whl","scipy/signal/_max_len_seq_inner.cp312-win_amd64.pyd","979968","54efee1488634c9367e17c4f7c93f2c7b204a1ec860a89e2c1f02855b8aa2106","NotSigned","","no"
"scipy-1.18.1-cp312-cp312-win_amd64.whl","scipy/signal/_peak_finding_utils.cp312-win_amd64.pyd","137728","275f93bef335982cd28089ef7f234585828f0fd6e4ee4400a467ebe768f0e2c3","NotSigned","","no"
"scipy-1.18.1-cp312-cp312-win_amd64.whl","scipy/signal/_sigtools.cp312-win_amd64.pyd","119296","843010bbea19df62b4d79f63a443b219258e7722ca9865d4b592a4e27ebe80c1","NotSigned","","no"
"scipy-1.18.1-cp312-cp312-win_amd64.whl","scipy/signal/_sosfilt.cp312-win_amd64.pyd","110080","2ce1f4f1039e89a75d2d181c313ce80fac8eb285b8c33c0ca2ed8c4cb11f516c","NotSigned","","no"
"scipy-1.18.1-cp312-cp312-win_amd64.whl","scipy/signal/_spline.cp312-win_amd64.pyd","59392","f82ca6be35db51c0e5665e2f98a3b3699f7a5a654e205474a77d2214c335ffe5","NotSigned","","no"
"scipy-1.18.1-cp312-cp312-win_amd64.whl","scipy/signal/_upfirdn_apply.cp312-win_amd64.pyd","193024","b4e7ccb7cf4cf5af0d0c774e1e64ffe8e525028df3be2755e6ef30c7d18ab9ff","NotSigned","","no"
"scipy-1.18.1-cp312-cp312-win_amd64.whl","scipy/sparse/_csparsetools.cp312-win_amd64.pyd","406528","aed673d21bb62c5c21448c954439522629e6aeba99e031ca60f45731358d2162","NotSigned","","no"
"scipy-1.18.1-cp312-cp312-win_amd64.whl","scipy/sparse/_sparsetools.cp312-win_amd64.pyd","4239360","c582d431dcc2e3f6863de23c1ba875eb88a88b8ba9bda833c15cb0eba306010e","NotSigned","","no"
"scipy-1.18.1-cp312-cp312-win_amd64.whl","scipy/sparse/csgraph/_flow.cp312-win_amd64.pyd","185856","ce057155684ca47b9d27c0f7385e272eae38ea433d642e5c357333cdc7528d04","NotSigned","","no"
"scipy-1.18.1-cp312-cp312-win_amd64.whl","scipy/sparse/csgraph/_matching.cp312-win_amd64.pyd","183296","9023df3bdaeb6aedb9a10803c14e10cb12afdc58c29e82c753bb364426138a6f","NotSigned","","no"
"scipy-1.18.1-cp312-cp312-win_amd64.whl","scipy/sparse/csgraph/_min_spanning_tree.cp312-win_amd64.pyd","104448","18425046fb2de5d66e0c2505ce117ffd8cdd2dc205dfa8b01764f4c2ebccc5ac","NotSigned","","no"
"scipy-1.18.1-cp312-cp312-win_amd64.whl","scipy/sparse/csgraph/_reordering.cp312-win_amd64.pyd","152576","573cf78e0d4a66fd11b49b2a33ed020503afb4aece6d703ad08e4830226b6418","NotSigned","","no"
"scipy-1.18.1-cp312-cp312-win_amd64.whl","scipy/sparse/csgraph/_shortest_path.cp312-win_amd64.pyd","657408","c26246270d52776546da89396c8126c906d8b6fe9dfb9c011915e1cfa47f4a6c","NotSigned","","no"
"scipy-1.18.1-cp312-cp312-win_amd64.whl","scipy/sparse/csgraph/_tools.cp312-win_amd64.pyd","159232","d0f89d2f11afeea1d8ee26b2ff68daebbef7060306e6befc05cadca870a8b09b","NotSigned","","no"
"scipy-1.18.1-cp312-cp312-win_amd64.whl","scipy/sparse/csgraph/_traversal.cp312-win_amd64.pyd","504320","4051d206a9080264c95ed2c76e060abd2a7631b34f3a1a4f4fdf7cf0842ad8e1","NotSigned","","no"
"scipy-1.18.1-cp312-cp312-win_amd64.whl","scipy/sparse/linalg/_dsolve/_superlu.cp312-win_amd64.pyd","425984","44a265b0bf2b4c6e278799a0de9a34fd7cfffd595cb8733736765402781e18bc","NotSigned","","no"
"scipy-1.18.1-cp312-cp312-win_amd64.whl","scipy/sparse/linalg/_eigen/arpack/_arpacklib.cp312-win_amd64.pyd","223232","e984176605364e73cc249bbba86424e52da831e6a148b865c1def3690f3a696f","NotSigned","","no"
"scipy-1.18.1-cp312-cp312-win_amd64.whl","scipy/sparse/linalg/_propack.cp312-win_amd64.pyd","166912","faf5c9659a05df0d712632f44baa6acc6537c3f4177eed2015839c701a1b70b1","NotSigned","","no"
"scipy-1.18.1-cp312-cp312-win_amd64.whl","scipy/spatial/_ckdtree.cp312-win_amd64.pyd","863232","c7ba13c929c2cc4cf29bec12c35176575dfcd7ab52af3ad850d8262bce0e1cab","NotSigned","","no"
"scipy-1.18.1-cp312-cp312-win_amd64.whl","scipy/spatial/_distance_pybind.cp312-win_amd64.pyd","1479168","3f7567c238ca2970586ce8a7a22420053c009f9be1113cb2cb59ccbde2411b64","NotSigned","","no"
"scipy-1.18.1-cp312-cp312-win_amd64.whl","scipy/spatial/_distance_wrap.cp312-win_amd64.pyd","128512","eb9331555f5e41913cf427588277fd54ae6abb6e84a67feb66e103efcf3d3967","NotSigned","","no"
"scipy-1.18.1-cp312-cp312-win_amd64.whl","scipy/spatial/_hausdorff.cp312-win_amd64.pyd","94208","e475c94dbb2e89a0349135be436579c718ba51a288709e183f33ba4a3a4c4698","NotSigned","","no"
"scipy-1.18.1-cp312-cp312-win_amd64.whl","scipy/spatial/_qhull.cp312-win_amd64.pyd","871936","0fda7b02882cf95ac6e870b4472837366afe8bb45da148c9c7a91fe7f8678f47","NotSigned","","no"
"scipy-1.18.1-cp312-cp312-win_amd64.whl","scipy/spatial/_voronoi.cp312-win_amd64.pyd","88064","c77df5feaf55ab9c54ef5290e6d5af51e3b92729841ea9db1c6ea9f21410cc84","NotSigned","","no"
"scipy-1.18.1-cp312-cp312-win_amd64.whl","scipy/spatial/transform/_rigid_transform_cy.cp312-win_amd64.pyd","236032","7243e5be688306c3c024aef4372e8b7cbcb17880edce50838815d55758eec7b1","NotSigned","","no"
"scipy-1.18.1-cp312-cp312-win_amd64.whl","scipy/spatial/transform/_rotation_cy.cp312-win_amd64.pyd","523776","3f9c4835b41355056dfc8e9a0070931edd5f7866063ef9623338a20411f14cd9","NotSigned","","no"
"scipy-1.18.1-cp312-cp312-win_amd64.whl","scipy/special/_comb.cp312-win_amd64.pyd","48128","b11317038aba00d901591974e3ff3866be148424300e7324684729af94f5d178","NotSigned","","no"
"scipy-1.18.1-cp312-cp312-win_amd64.whl","scipy/special/_ellip_harm_2.cp312-win_amd64.pyd","133632","86df2b3aa07f1fb3fa2849d63a0cc133099a518bf164465360099b1f088c5fe5","NotSigned","","no"
"scipy-1.18.1-cp312-cp312-win_amd64.whl","scipy/special/_gufuncs.cp312-win_amd64.pyd","937984","3a0b65590282876be90bcbf6c4e7a0e407faab76f2cf8f99fb7adb715d136c65","NotSigned","","no"
"scipy-1.18.1-cp312-cp312-win_amd64.whl","scipy/special/_specfun.cp312-win_amd64.pyd","311296","57218e37f6c0ac1da054745868e6e962e210013aa50d614c80850599a1ee9629","NotSigned","","no"
"scipy-1.18.1-cp312-cp312-win_amd64.whl","scipy/special/_special_ufuncs.cp312-win_amd64.pyd","1630720","7b8968e440aa7d613f0d90f5994f7c72268679409e0ea40685532452383a3cac","NotSigned","","no"
"scipy-1.18.1-cp312-cp312-win_amd64.whl","scipy/special/_test_internal.cp312-win_amd64.pyd","96256","eb45951f62eb87df00ec1142134fa1397016d2aa852428d1f6104ff8519c3c48","NotSigned","","no"
"scipy-1.18.1-cp312-cp312-win_amd64.whl","scipy/special/_ufuncs_cxx.cp312-win_amd64.pyd","2673664","11a9cdb4608a02bfef01f68f73aa033ba0e6474a2d9527cd300f0410e9c87f46","NotSigned","","no"
"scipy-1.18.1-cp312-cp312-win_amd64.whl","scipy/special/_ufuncs.cp312-win_amd64.pyd","1434624","4ee53d84cd5fff84e7c82292aa3e986a91f0309b1952ae800fcb2af68fb2161d","NotSigned","","no"
"scipy-1.18.1-cp312-cp312-win_amd64.whl","scipy/special/cython_special.cp312-win_amd64.pyd","2271744","4f7b6a5e901044b8ee82bf45a09129598da71478c962e661127cee0549fb9e9f","NotSigned","","no"
"scipy-1.18.1-cp312-cp312-win_amd64.whl","scipy/stats/_ansari_swilk_statistics.cp312-win_amd64.pyd","107008","6bd2d42b8e6d22a1d4c4ec4af90aee02b8dc6fbaeb0acd62a6319c0797d4b3d5","NotSigned","","no"
"scipy-1.18.1-cp312-cp312-win_amd64.whl","scipy/stats/_biasedurn.cp312-win_amd64.pyd","374784","6cd89cd9c564e82d07576ccfc7c9447df4ed2e4efce6060228ea6198dcb5d6e7","NotSigned","","no"
"scipy-1.18.1-cp312-cp312-win_amd64.whl","scipy/stats/_levy_stable/levyst.cp312-win_amd64.pyd","46080","17265c24b0978d827b8366f706a54cb005fc8939422cbf0405443bbc66435b4a","NotSigned","","no"
"scipy-1.18.1-cp312-cp312-win_amd64.whl","scipy/stats/_qmc_cy.cp312-win_amd64.pyd","1071616","46cd196028df91704be4ea927178425cb5d83b5041c8cd190163fe038c8ced29","NotSigned","","no"
"scipy-1.18.1-cp312-cp312-win_amd64.whl","scipy/stats/_qmvnt_cy.cp312-win_amd64.pyd","127488","9b9b0cc4916000266c426460d99c8f1bb9388727ba029bda6cf19d7c78cf607e","NotSigned","","no"
"scipy-1.18.1-cp312-cp312-win_amd64.whl","scipy/stats/_rcont/rcont.cp312-win_amd64.pyd","111616","fcfeb902482d2ed3f1cf8733c0e86df4fa9210b51e18bd39b3b34b1e1bace8b9","NotSigned","","no"
"scipy-1.18.1-cp312-cp312-win_amd64.whl","scipy/stats/_sobol.cp312-win_amd64.pyd","168960","ee5fcd62c8d7f327aaff3d43ee84ac95d5c507ffcfa795d2eeaba615a33f504a","NotSigned","","no"
"scipy-1.18.1-cp312-cp312-win_amd64.whl","scipy/stats/_stats_pythran.cp312-win_amd64.pyd","1044992","94a6b599baacd810a57746517ffc56741a9173defd611983553204ffd3ad0128","NotSigned","","no"
"scipy-1.18.1-cp312-cp312-win_amd64.whl","scipy/stats/_stats.cp312-win_amd64.pyd","453632","93d050e77912aec0db0cae5d283298a3c0c69910e7e8918a2043e877a632d3a9","NotSigned","","no"
"scipy-1.18.1-cp312-cp312-win_amd64.whl","scipy/stats/_unuran/unuran_wrapper.cp312-win_amd64.pyd","1265152","4cbd1e282d233975e2436e4aded18f57dc3c99c4ba69380d1fe6e3a18acaf316","NotSigned","","no"
"sentencepiece-0.2.2-cp312-cp312-win_amd64.whl","sentencepiece/_sentencepiece.cp312-win_amd64.pyd","1459712","6fb545d1295cb7a4e87ae1884ea0eb3775d8261caed4132d1db5266b113bb781","NotSigned","","no"
"setuptools-84.0.0-py3-none-any.whl","setuptools/cli-32.exe","11776","32acc1bc543116cbe2cff10cb867772df2f254ff2634c870aef0b46c4b696fdb","NotSigned","","no"
"setuptools-84.0.0-py3-none-any.whl","setuptools/cli-64.exe","14336","bbb3de5707629e6a60a0c238cd477b28f07f0066982fda953fa6fcec39073a4a","NotSigned","","no"
"setuptools-84.0.0-py3-none-any.whl","setuptools/cli-arm64.exe","13824","b9a7d08da880dfac8bcf548eba4b06fb59b6f09b17d33148a0f6618328926c61","NotSigned","","no"
"setuptools-84.0.0-py3-none-any.whl","setuptools/cli.exe","11776","32acc1bc543116cbe2cff10cb867772df2f254ff2634c870aef0b46c4b696fdb","NotSigned","","no"
"setuptools-84.0.0-py3-none-any.whl","setuptools/gui-32.exe","11776","85dae1e95d77845f2cb59bcac3d4afe74bbe4c91a9bcc5bf4a71cd43104dbe7c","NotSigned","","no"
"setuptools-84.0.0-py3-none-any.whl","setuptools/gui-64.exe","14336","3471b6140eadc6412277dbbefe3fef8c345a0f1a59776086b80a3618c3a83e3b","NotSigned","","no"
"setuptools-84.0.0-py3-none-any.whl","setuptools/gui-arm64.exe","13824","e694f4743405c8b5926ff457db6fe7f1a12dec7c16a9c3864784d3f4e07ae097","NotSigned","","no"
"setuptools-84.0.0-py3-none-any.whl","setuptools/gui.exe","11776","85dae1e95d77845f2cb59bcac3d4afe74bbe4c91a9bcc5bf4a71cd43104dbe7c","NotSigned","","no"
"soundfile-0.14.0-py2.py3-none-win_amd64.whl","_soundfile_data/libsndfile_x64.dll","2364416","22518c16f9d13eda5ae5adf999c4740d7d16cc2d6b178b36dd4ac2f759a38559","NotSigned","","no"
"soxr-1.1.0-cp312-abi3-win_amd64.whl","soxr/soxr_ext.pyd","354304","17850a2a3af1c7f317a13ab5065711e9e40ac3a92ca17fefb6e4bda58b7ad908","NotSigned","","no"
"tokenizers-0.23.2-cp310-abi3-win_amd64.whl","tokenizers/tokenizers.pyd","7847936","05848a2a85e1466d19242499ed6b8c016a886db79aca020792aa5598ded77ef9","NotSigned","","no"
"watchfiles-1.2.0-cp312-cp312-win_amd64.whl","watchfiles/_rust_notify.cp312-win_amd64.pyd","636416","51ea9b485458e0469a67250c64f9dda9a86c9a670ce67182cfd36dc991d286d5","NotSigned","","no"
"websockets-17.1-cp312-cp312-win_amd64.whl","websockets/speedups.cp312-win_amd64.pyd","11264","1347a3c6c5adafc0cacfcd9d07381a37c78959e4f7cf21199a796e5585a5313a","NotSigned","","no"
